rank,name,handle,followers,er,topics
1,Georgina RodriÌguez,@georginagio,72M,2.67%,"Books, Lifestyle, Modeling"
2,Sergio Ramos,@sergioramos,67.5M,0.54%,"Sports, Soccer"
3,Gareth Bale,@garethbale11,53M,0.6%,Soccer
4,Andres Iniesta,@andresiniesta8,43.2M,0.17%,"Sports, Soccer"
5,Isco Alarcon Suarez,@iscoalarcon,30.2M,0.12%,Soccer
6,AÌlvaro Morata,@alvaromorata,22.3M,0.26%,"Sports, family, Journalists, Soccer"
7,Lucas VaÌzquez,@lucasvazquez91,22.3M,1.4%,"Sports, Soccer"
8,Gerard PiqueÌ,@3gerardpique,21.8M,0.78%,"Entertainment and Music, Soccer"
9,Rafa Nadal,@rafaelnadal,21.3M,1.73%,"Sports, Tennis"
10,Iker Casillas,@ikercasillas,20.9M,0.48%,"Sports, Soccer"
11,Pedri GonzÃ¡lez,@pedri,20.6M,5.72%,Sports
12,Ãšrsula CorberÃ³,@ursulolita,19.6M,2.14%,"Entertainment and Music, Celebrity, Modeling, Actors"
13,Enrique Iglesias,@enriqueiglesias,18.8M,0.99%,Entertainment and Music
14,Thibaut Courtois,@thibautcourtois,17.4M,1.58%,"Sports, Soccer"
15,Marc ter Stegen,@mterstegen1,17.4M,1.58%,"Sports, Soccer"
16,Jordi Alba,@jordialbaoficial,17.2M,0.57%,"Soccer, Sports"
17,Marco Asensio,@marcoasensio10,15.6M,2%,Soccer
18,David De Gea,@d_degeaofficial,15.5M,0.57%,"Sports, Soccer"
19,Ibai,@ibaillanos,15.3M,2.72%,"Education, Soccer, Actors"
20,Cesc FÃ bregas,@cescf4bregas,15M,0.4%,"Sports, Soccer"
21,Daniel Carvajal,@dani.carvajal.2,14.1M,2.1%,"Soccer, Actors"
22,Carles Puyol,@carles5puyol,13.8M,1.67%,"Sports, Soccer"
23,Nacho Fernandez Iglesias,@nachofdez90,13.4M,0.77%,"Soccer, Sports"
24,Xabi Alonso,@xabialonso,13.3M,5.84%,"Soccer, Sports"
25,Ilia Topuria,@iliatopuria,12.9M,4.22%,Sports
26,FC Barcelona B,@fcbarcelonab,11M,0.08%,"Sports, Food and Drink"
27,Pilar Rubio,@pilarrubio,10.9M,0.17%,"Fashion and Accessories, family, Entertainment and Music, Actors"
28,Ansu Fati,@ansufati,10.7M,2.81%,Sports
29,Roberto Carlos,@oficialrc3,10.1M,0.75%,"Entertainment and Music, Sports, Soccer"
30,FC Barcelona La Masia,@fcbmasia,10M,1.02%,"Sports, Personal Finance, Soccer"
31,Ãlvaro Morte,@alvaromorte,9.8M,0.16%,"Celebrity, Entertainment and Music, Actors"
32,manu rios,@manurios,9.5M,2.55%,"Entertainment and Music, Music, Singer, Dance"
33,Alba Flores,@albafloresoficial,9.4M,0.41%,"Entertainment and Music, Actors"
34,Marc Bartra,@marcbartra,9.4M,0.17%,"Sports, Soccer"
35,David Villa,@davidvilla,8.8M,0.27%,"Sports, Soccer"
36,Marc MaÌrquez,@marcmarquez93,8.3M,2.32%,"Sports, Motorcycle Racing"
37,Sergi Roberto,@sergiroberto,8.2M,0.89%,"Sports, Soccer"
38,Pedro Rodriguez Ledesma,@_pedro17_,8.1M,0.34%,"Sports, Soccer"
39,Alejandro Sanz,@alejandrosanz,7.9M,0.66%,"Sports, Actors, Journalists"
40,,@pabloalboran,7.6M,0.62%,Music
41,Jordi Koalitic ğŸ¨ğŸ“¸,@jordi.koalitic,7.5M,35.34%,"Arts and Crafts, Photography, Outdoor Activity, Architecture"
42,Mario Casas,@mario_houses,7.4M,3.71%,"Art, Actors, Lifestyle, Training"
43,Queen buenrostro,@queenbuenrostro,7.3M,0.4%,"Fashion and Accessories, Food & Drink, DIY & Crafts, Design"
44,FC Barcelona Femeni,@fcbfemeni,7.3M,0.36%,"Sports, Soccer"
45,Cindy Kimberly,@wolfiecindy,7.2M,3.03%,"Beauty and Self Care, Fashion and Accessories, Modeling, Lifestyle"
46,PeneÌlope Cruz,@penelopecruzoficial,7.1M,0.47%,Journalists
47,Juan Mata,@juanmatagarcia,6.9M,0.58%,Sports
48,Ferran Torres,@ferrantorres,6.8M,4.87%,"Sports, Soccer"
49,Neiva Mara,@neivamara,6.8M,0.23%,"Fitness and Health, Lifestyle, Modeling"
50,Star Yuuki,@staryuukiii,6.7M,0.72%,"Entertainment and Music, Funny"
51,â™ˆï¸ Samuel De Luque â™ˆï¸,@vegetta777,6.6M,13.54%,"Entertainment and Music, Lifestyle, Actors"
52,Sergio Busquets,@5sergiob,6.5M,4.7%,Sports
53,Elsa Pataky,@elsapataky,6.2M,0.51%,Actors
54,Naim Alejandro Darrechi ğŸ¥·ğŸ’™,@naimdarrechi,5.9M,2.14%,"Entertainment and Music, Actors"
55,Steven Wommack,@stevenwommack,5.9M,0.24%,Photography
56,Xurxo CarrenÌƒo,@xurxocarreno,5.8M,0.81%,"Entertainment and Music, Celebrity"
57,Clara GalleğŸŒ€,@claaragalle,5.7M,6.67%,"Entertainment and Music, Marketing and Advertising"
58,Maria Alejandra Bustamante,@piensoenpositivo,5.6M,0.02%,"Education, Marketing and Advertising, Actors, Virtualization"
59,Las aventuras de Nacho,@nachter,5.5M,7.74%,"Arts and Crafts, Funny, Animals & Pets, Cooking"
60,RELS B,@skinnyflakk,5.5M,8.85%,"Music, DJ"
61,Arci MunÌƒoz ğŸŒ¸ã‚‰ã‚‚ãª ğŸŒ»á„…á…¡á„†á…©á„‚á…¡,@ramonathornes,5.4M,0.12%,"Arts and Crafts, Actors, Artist"
62,Sergi Constance,@sergiconstance,5.3M,0.4%,"Fitness and Health, Training, Coaching, Health & Fitness"
63,Magno Scavo,@magno_scavo,5.2M,0.28%,Fashion and Accessories
64,Miguel Bernardeau,@miguel_bernardeau,5.2M,1.03%,Actors
65,ğŸ’ŸVictoria Lomba OfficialğŸ’Ÿ,@victorialomba,5M,0.1%,"Fashion and Accessories, Fitness and Health, Beauty and Self Care, Modeling"
66,SeÃ±or perez,@papasecreto,4.8M,0.46%,"Actors, Music"
67,Ander Herrera,@anderherrera,4.7M,2.22%,"Sports, Soccer"
68,Blanca SuÃ¡rez,@blanca_suarez,4.7M,2.02%,"Celebrity, Acting and Drama, Beauty and Self Care"
69,Najwa Nimri,@najwanimri,4.7M,0.53%,"Acting and Drama, Entertainment and Music, Actors"
70,Miguel Angel Silvestre,@miguelangelsilvestre,4.7M,0.7%,"Celebrity, Actors"
71,Itziar ItuÃ±o (OFIZIAL),@itziarituno,4.7M,0.27%,"Art, Entertainment and Music"
72,Mina El Hammani,@minaelhammani,4.6M,0.25%,"Acting and Drama, Entertainment and Music, Lifestyle, Actors"
73,FermÃ­n LÃ³pez MarÃ­n,@_ferminlopez,4.5M,9.82%,Fashion and Accessories
74,Daniella Semaan FÃ bregas,@daniellasemaan,4.5M,0.13%,"family, Parenting, Soccer, Moms"
75,NOVIOS BIPOLARES,@noviosbipolares,4.3M,2.08%,"Romance and Wedding, Actors"
76,Joaquin Sanchez,@joaquinarte,4.2M,0.7%,"Arts and Crafts, Marketing and Advertising, Soccer, Actors"
77,Horacio Sanchez,@horasanz,4.1M,0.15%,"Travel, Marketing and Advertising, Lifestyle"
78,Jon Kortajarena,@jonkortajarena,4.1M,0.2%,Modeling
79,Fede Valverde,@fedeevalverde,4.1M,4.2%,"Soccer, Actors"
80,Antonio Banderas,@antoniobanderas,4M,0.34%,"Acting and Drama, Entertainment and Music, Celebrity, Actors"
81,SelecciÃ³n EspaÃ±ola de FÃºtbol,@sefutbol,4M,0.46%,"Sports, Soccer"
82,Zaida Ward,@zaida_ward,3.9M,-,"Art, Food & Drink, Health & Fitness, Hair & Beauty"
83,HeÌctor BelleriÌn,@hectorbellerin,3.9M,2.7%,"Sports, Tennis"
84,DjMaRiiO,@djmariio,3.8M,7.25%,"Games, Automotive, Soccer, Actors"
85,Anna TereÌs,@annarecetasfaciles,3.6M,0.55%,"Food, Education, Video Blogger, Chef"
86,CeÌsar Azpilicueta,@cesarazpi,3.6M,0.54%,"Sports, Soccer"
87,Aida Domenech,@dulceida,3.5M,1.79%,Fashion and Accessories
88,Amor de un cafÃ© âœ¨,@amordeuncafe,3.5M,0.54%,
89,Ana Cozar,@espana927,3.4M,0.5%,"Fitness and Health, Product Education, Product Showcase, Business and Finance"
90,MARIA POMBO,@mariapombo,3.4M,2.15%,"Fashion and Accessories, Marketing and Advertising, Actors, Hair & Beauty"
91,Abraham Mateo,@abrahammateo,3.4M,0.85%,"Entertainment and Music, Singer"
92,Inigo DoÌ‚minic Pascual ğŸ’,@inigopascual,3.4M,0.1%,"Entertainment and Music, Music, Singer, Songwriting"
93,Leticia Marches,@leticiamarchess,3.3M,0.28%,
94,KEO,@thekiddkeo,3.3M,4.08%,"Entertainment and Music, Music, Modeling, Singer"
95,OÌ S C A R    C A S A S,@oscar_casas_,3.3M,5.84%,"Acting and Drama, Celebrity, Actors"
96,"Luis ""Potro"" Caballero Dussauge",@luispotrocaballero,3.3M,0.28%,"Music, Marketing and Advertising, Actors, Cars & Motorcycles"
97,Jordi Wild,@jordiwild8,3.2M,7.15%,"Entertainment and Music, Video Blogger, Lifestyle, Actors"
98,Sevilla FC,@sevillafc,3.1M,0.44%,"Sports, Personal Finance, Soccer"
99,Arna Karls,@arnakarls,3.1M,6.62%,"Entertainment and Music, Travel, Education, Celebrity"
100,Wismichu,@wismichu,3.1M,2.56%,Actors
101,Adama Traore Diarra,@adamatrd37,3.1M,7.01%,"Sports, Soccer, Coaching, Training"
102,RauÌl GonzaÌlez,@raulgonzalez,3.1M,3.26%,"Soccer, Journalists"
103,AndreÌ Lamoglia,@andrelamoglia,3M,5.03%,"Celebrity, Celebrities, Humor, Animals & Pets"
104,La Vecina Rubia,@lavecinarubia,3M,2.27%,"Arts and Crafts, Entertainment and Music, Video Gaming, Modeling"
105,ANGELA AZUL â™¡,@angelatorres,2.8M,2.13%,"Entertainment and Music, Actors"
106,JesÃºs Serrano,@gsusserranomua,2.8M,0.27%,"Beauty and Self Care, Hair & Beauty, DIY & Crafts, Celebrities"
107,Marcos Alonso,@marcosalonso28,2.7M,3.94%,
108,Javi MartiÌnez,@javi8martinez,2.7M,0.42%,"Sports, Soccer"
109,ORIANA MARZOLI,@orianagonzalezmarzoli,2.7M,2.92%,"Fashion and Accessories, Bikini"
110,Henry Moodie,@henrymoodie,2.6M,1.16%,Music
111,El Mundo Paralelo,@elmunditoparalelo,2.5M,0.12%,"Funny, Entertainment and Music, News"
112,Dani Rovira,@danirovira,2.5M,0.33%,"Entertainment and Music, Celebrity, Actors"
113,Paula Monreal Barral,@paufeel,2.5M,1.15%,"Food, Business and Finance"
114,LOLA INDIGO,@lolaindigo,2.5M,5.83%,"Entertainment and Music, Music, Actors, Journalists"
115,ğ™ˆğ™ ğ™£ğ™¤ğ™¢ğ™—ğ™§ğ™š ğ™šğ™¨â€¦. ğ™€ğ˜¿ğ™‚ğ˜¼ğ™ğ˜¿ ğ™˜ğ™¤ğ™£ ğ˜¿ ğŸ‡ªğŸ‡¸,@sensillocons,2.5M,4.6%,"Entertainment and Music, Actors, Journalists"
116,"Jorge ResurrecciÃ³n, Koke",@koke6,2.5M,1.12%,"Sports, Soccer"
117,Paz Padilla,@paz_padilla,2.5M,2.09%,"Acting and Drama, Fitness and Health, Food, Entertainment and Music"
118,72kilos,@72kilos,2.4M,3%,"Arts and Crafts, Books, Actors"
119,Pedro CapoÌ,@pedrocapo,2.4M,0.33%,"Art, Actors, Music"
120,Marina Mui,@itsmuimui,2.4M,1.56%,"Animation and Cosplay, Modeling"
121,Munir El Haddadi,@munirhaddadi,2.4M,6.26%,Soccer
122,Marcos Llorente,@marcosllorente,2.4M,3.22%,"Sports, Food, Product Showcase, Soccer"
123,QUERISA TV,@querisa_tv,2.3M,1.3%,"Funny, Actors"
124,Ines Reg,@inesregmec,2.3M,3.46%,Entertainment and Music
125,Stars Of Football,@starsoffootball,2.3M,0.29%,"News, Video Gaming, Soccer"
126,Fran Silvestre Arquitectos,@fransilvestrearquitectos,2.3M,0.13%,"Home and Garden, Design, Architecture, Interior Design"
127,Recetas Sabrosas Fit ğŸ“,@recetas.sabrosas_fit,2.3M,0.04%,Food
128,Efrain,@efrainruales,2.3M,6.13%,"Celebrity, Actors"
129,Maxi Iglesias,@maxi_iglesias,2.3M,1.54%,"Actors, Modeling"
130,EVA JARITâšœ,@evajarit,2.2M,3.25%,"Fashion and Accessories, Entertainment and Music, Actors, Modeling"
131,ğŸ“Recetas saludables ğŸœğŸ,@_recetas_saludable_,2.2M,0.14%,"Beauty, Fitness and Health"
132,Pablo Motos,@pablomotos,2.2M,2.03%,"Actors, Fashion"
133,Antonio Orozco,@antoniorozco10,2.2M,0.91%,"Entertainment and Music, Actors, Journalists"
134,Chukwuezesamuel (m.o.n),@chukwuezesamuel8,2.2M,4.66%,Sports
135,mariahnadim - Ù…Ø§Ø±ÙŠØ§ Ù†Ø§Ø¯ÙŠÙ…,@mariahnadim,2.2M,4.29%,"Arts and Crafts, Entertainment and Music, Singer, Celebrities"
136,sitara,@sitaraghattamaneni,2.2M,10.34%,Video Gaming
137,Nadina Ioana ğŸ¤,@nadina_ioana,2.1M,2.19%,"Art, Design, Hair & Beauty, Health & Fitness"
138,Rindala Kodeih,@rindalakodeih,2.1M,0.52%,"Acting and Drama, Celebrity, Actors, Music"
139,Armando Esquivel,@armandococinando,2.1M,1.8%,Food
140,Tamara Gorro,@tamara_gorro,2M,0.77%,"family, Journalists, Celebrities, Hair & Beauty"
141,Frases y Reflexiones,@frasesyreflexionessss,2M,0.4%,
142,â°Eva Padlockâ°,@evapadlock,2M,2.11%,Fashion and Accessories
143,Manuel Carrasco,@manuelcarrasco_,2M,2.22%,"Entertainment and Music, Actors"
144,LAURA ESCANES,@lauraescanes,2M,1.79%,"Fashion and Accessories, Beauty and Self Care, Entertainment and Music, Lifestyle"
145,Daniel Ceballos Fernandez,@danifuli10,2M,3.9%,"Soccer, Actors"
146,Lara AÌlvarez,@laruka,2M,0.41%,"Entertainment and Music, Arts and Crafts, Journalists"
147,Pau,@paugasol,2M,3.05%,"Basketball, Sports"
148,JeseÌ RodriÌguez,@jeserodriguez10,2M,0.58%,"Sports, Soccer"
149,KIZARU,@tommyhellatrigger,2M,2.68%,"Fashion and Accessories, Business and Finance, Music, Singer"
150,Sergio ReguiloÌn,@sergioregui,2M,18.2%,"Sports, Soccer"
151,Lisa Morales Duke,@misslisamorales,2M,0.13%,"Fashion and Accessories, family, Parenting, Health & Fitness"
152,HUMOR,@vainafrases,2M,0.17%,Funny
153,Ignacio Jorda,@nachovidalxxx,1.9M,0.11%,"Entertainment and Music, Actors, Artist, Creators & Celebrities"
154,Kiko Casilla,@kikocasilla,1.9M,1.4%,"Sports, Soccer"
155,EMELIE LINDMARK,@emitaz,1.9M,0.57%,"Fashion and Accessories, Hair & Beauty, Celebrities"
156,JORGE LORENZO,@jorgelorenzo99,1.9M,0.2%,"Sports, Motorcycle Racing"
157,Michel Salgado,@therealsalgado,1.9M,1.99%,"Sports, Fashion and Accessories"
158,Diego Lainez,@diego_lainez,1.9M,18.44%,"Sports, Modeling"
159,BoysğŸ”¥,@tusmejoreschicos,1.9M,0.9%,Marketing and Advertising
160,Paula,@paulagonu,1.9M,1.07%,"Entertainment and Music, Actors, Design"
161,DaniRep,@danireprep,1.9M,19.99%,"Actors, Fashion, Modeling"
162,TE AMO JESUS â¤ï¸,@elpoetacallejero,1.8M,0.61%,"Entertainment and Music, Arts and Crafts, Celebrities, Film, Music & Books"
163,Jessica Goicoechea.,@goicoechea,1.8M,2.12%,"Fashion and Accessories, Lifestyle, Modeling"
164,Â¿SabÃ­as Que? | Curiosidades,@saber.detodo,1.8M,2%,"Education, Entertainment and Music"
165,Dani MartiÌnez,@danimartinezweb,1.8M,1.28%,"Entertainment and Music, Music, Celebrity, Actors"
166,TR4INER | Anthoni MontalvÃ¡n,@tr4iner,1.8M,0.72%,"Fitness and Health, Coaching, Gym"
167,GERARD DEULOFEU,@gerardeulofeu,1.8M,0.3%,Sports
168,Ana Recetas FÃ¡ciles y Delis,@cocinargenial,1.8M,1.66%,"Food and Drink, Food"
169,Gala Gonzalez,@galagonzalez,1.8M,0.2%,Fashion and Accessories
170,FuÌtbol Al ReveÌs,@futbolalreves,1.7M,8.96%,"Sports, Soccer, Actors, Virtualization"
171,Laura Sanchez Hernandez,@laurasanchezh_,1.7M,0.92%,"Fashion and Accessories, Beauty and Self Care, Business and Finance, Actors"
172,India MartiÌnez,@india_martinez_oficial,1.7M,1.39%,"Fashion, Actors"
173,Jan Oblak,@oblakjan,1.7M,2.54%,Soccer
174,SalomÃ© Mata - Recetas,@salomecocina,1.7M,0.53%,"Food and Drink, Food"
175,Marina RomÃ¡n & Francisco,@travelsandvibes,1.7M,2.03%,"Travel, Lifestyle"
176,BarcÌ§a Futbol Sala,@fcbfutsal,1.7M,0.29%,Soccer
177,Aymeric Laporte â“®,@laporte,1.7M,4.6%,"Sports, Soccer"
178,PlayGround,@playgroundmag,1.6M,0.4%,"Entertainment and Music, News, News & Politics"
179,Kale Anders,@kaleanderss,1.6M,1.11%,"Education, Upskilling"
180,Paco Alcacer,@paco93alcacer,1.6M,0.7%,"Sports, Soccer"
181,SURY SADAI VAUGHN,@surysadaiof,1.6M,2.91%,"Art, Actors, Modeling"
182,David Silva,@david21lva,1.6M,2.5%,"Sports, Soccer"
183,ğŸ¦Sofia MorenoğŸ¦,@sofia_surferss,1.6M,2.5%,"Entertainment and Music, Arts and Crafts, Automotive, Lifestyle"
184,Tamara FalcoÌ,@tamara_falco,1.6M,0.67%,"Food, Actors, Modeling"
185,SKILLER,@skiller,1.6M,0.15%,"Art, Soccer"
186,âš¡ï¸ Guillem Ojeda âš¡ï¸,@guillemojeda,1.6M,0.09%,"Entertainment and Music, Fashion and Accessories, Actors"
187,verdeliss | Estefi Unzu,@verdeliss,1.6M,0.72%,"Beauty and Self Care, family, Actors"
188,Martita de GranÃ¡,@martita_de_grana,1.6M,2.89%,"Entertainment and Music, Celebrity, Actors, Comedian"
189,Richard Duchon,@richard_duchon,1.6M,0.99%,"Fitness and Health, Gym, Coaching"
190,Agustin51,@imagus51,1.6M,4.42%,"Entertainment and Music, Funny, Video Blogger, Lifestyle"
191,Ramon Garriga,@gluten.morgen,1.6M,4.51%,"Food, Education, Marketing and Advertising, Chef"
192,Alex MaÌrquez AlentaÌ€,@alexmarquez73,1.6M,3.28%,"Sports, Riders, Motorcycle Racing"
193,Tu HorÃ³scopo 24 ğŸ”µ,@tuhoroscopo24,1.6M,0.17%,"Education, Business and Finance, Coaching, Actors"
194,Roksana WÄ™giel-Mglej,@roxie_wegiel,1.6M,3.06%,Fashion and Accessories
195,ğ”Šğ”¦ğ”«ğ” ğ”™ğ”ğ”©ğ”¢ğ”«ğ”±ğ”¦ğ”«ğ”,@darealginavalentina,1.6M,1.79%,"Fashion and Accessories, Entertainment and Music, Television, Modeling"
196,Mario Ruiz,@soysocialmario,1.6M,0.15%,"Finance, Marketing and Advertising"
197,Alejandro Gil,@aleenforma,1.6M,0.24%,Fitness and Health
198,Chuty,@chutyvk,1.6M,1.32%,"Entertainment and Music, Actors, Music, Game"
199,Postureo EspanÌƒol,@postureoespanol,1.6M,2.05%,"Funny, Life and Society, Actors"
200,Maverick VinÌƒales,@maverick12official,1.6M,1.38%,Sports
201,Eleven âš¡ï¸,@sergioeleven,1.6M,0.27%,"Entertainment and Music, Marketing and Advertising"
202,Saul NÌƒiguez,@saulniguez,1.6M,1.18%,Sports
203,Bonnie Strange,@bonniestrange,1.6M,0.8%,"Travel, Celebrity, Lifestyle, Celebrities"
204,Juan Alberto,@illojuan,1.5M,21.31%,"Entertainment and Music, Lifestyle"
205,â™¡ Sara Conde â™¡,@burpee_vet,1.5M,1.5%,"Food, Food and Drink, Coaching, Nutrition"
206,Tarifa,@bytarifa_official,1.5M,5.42%,"Automotive, Lifestyle"
207,La Isla de las Tentaciones,@islatentaciones,1.5M,4.26%,Entertainment and Music
208,Jasper Cillessen,@jaspercillessen,1.5M,0.6%,Sports
209,Doctor FisioÌn,@doctorfision,1.5M,0.26%,Medical Health
210,Ãlvaro FernÃ¡ndez,@farmaceuticofernandez,1.5M,0.57%,"Education, Fitness and Health, Celebrity"
211,Sissy,@sissymua,1.5M,0.65%,"Beauty and Self Care, Training, Health & Fitness, Cooking"
212,Juanpe,@juvnpe,1.5M,7.6%,Travel
213,AÌGUEDA,@aguedalopez21,1.5M,4.23%,"Fashion and Accessories, Marketing and Advertising, Actors"
214,Rene ZZ,@renezz,1.5M,1.02%,Entertainment and Music
215,Carles AlenÌƒaÌ,@carlesalenya,1.5M,0.72%,"Sports, Soccer"
216,BoggiğŸ§¸,@justboggi,1.5M,0.97%,"Entertainment and Music, Funny"
217,Ana Mena,@anamenaoficial,1.5M,2.05%,"Entertainment and Music, Marketing and Advertising, Music, Actors"
218,Kilian Jornet,@kilianjornet,1.5M,0.91%,Fitness and Health
219,Myriam Sandler,@mothercould,1.5M,4.28%,"family, DIY and Life Hacks"
220,MARTA SIERRA,@marta__sierra,1.5M,2.45%,"Fashion and Accessories, Lifestyle, Digital Creator"
221,MALA RODRÃGUEZ,@malarodriguez,1.5M,2.56%,"Beauty and Self Care, Actors"
222,Julia Menu Garcia,@juliamenugarcia,1.5M,1.03%,"Entertainment and Music, Marketing and Advertising"
223,Mike Fajardo,@mikefajardo_,1.5M,0.28%,"Entertainment and Music, Celebrity, Film, Music & Books, Nature & Outdoors"
224,OMAR MONTES,@omarmontesofficial,1.5M,9.08%,"Entertainment and Music, Music, Actors, Journalists"
225,Eva Gonzalez,@evagonzalezoficial,1.5M,0.89%,"Entertainment and Music, Actors, Journalists"
226,Ronald Valles,@ronald.vallez,1.5M,5.09%,Romance and Wedding
227,JESUS CALLEJA,@jesuscallejatv,1.4M,0.23%,"Travel, Outdoor Activity, Actors, Modeling"
228,Jordi Cruz Mas,@jordicruzoficial,1.4M,1.2%,"Actors, Chef, Journalists"
229,Los Tres Tristes Tigres,@los3tt,1.4M,1.73%,"Entertainment and Music, Funny, Marketing and Advertising"
230,David Bustamante,@davibusta,1.4M,1.6%,"Actors, Journalists"
231,Dabiz MunÌƒoz,@dabizdiverxo,1.4M,0.8%,"Food, Chef, Restaurants"
232,T W I N  M E L O D Y,@twinmelody,1.4M,1%,"Entertainment and Music, Music, Events, Actors"
233,Risto Mejide,@ristomejide,1.4M,0.98%,"Entertainment and Music, Finance, Lifestyle"
234,Adexe,@adexeoficial,1.4M,0.63%,"Entertainment and Music, Actors, Music, Animals & Pets"
235,Santi Cazorla,@santicazorla,1.4M,3.6%,Soccer
236,TONI RUIZ,@toninoruiz,1.4M,0.54%,"Entertainment and Music, Fashion and Accessories, Marketing and Advertising, Film, Music & Books"
237,"Parejas, Couple, Novios",@noviospicantes,1.4M,0.1%,Lifestyle
238,Luca Zidane,@luca,1.4M,0.8%,"Sports, Soccer"
239,Manuel RodriÌguez,@manualerod,1.4M,3.02%,"Entertainment and Music, Actors, Virtualization"
240,Ana Maria SimÃ³n,@anamariasimon,1.4M,0.49%,"Acting and Drama, Entertainment and Music, Funny, Actors"
241,Dani Pedrosa,@26_danipedrosa,1.4M,1.77%,"Sports, Riders, Motorcycle Racing"
242,Libra HoroÌscopo Negro,@libra_horoscoponegro,1.4M,4.8%,
243,Pablo LoÌpez,@pablolopezmusic,1.4M,1.43%,"Entertainment and Music, Singer"
244,Nagore Robles,@nagore_robles,1.4M,1.22%,"Entertainment and Music, Actors, Lifestyle"
245,Enzo Zidane,@enzo,1.4M,0.4%,"Sports, Soccer"
246,Football â€¢ Soccer â€¢ Futbol,@tumejorjugada,1.4M,1.49%,Sports
247,Egan Arley Bernal Gomez,@eganbernal,1.4M,2.6%,
248,Javier RodrÃ­guez Lozano - Mentor & Speaker,@javireelbe,1.3M,1.32%,Education
249,Elena Benito,@elena_lbenito,1.3M,0.85%,"Fashion and Accessories, Travel, Beauty and Self Care, Hair & Beauty"
250,Victoria Caro,@victoriacarotudela,1.3M,0.46%,"Fashion and Accessories, Travel, Marketing and Advertising, Actors"
251,Ana MiLÃ¡n,@byanamilan,1.3M,1.38%,"Acting and Drama, Actors"
252,Fred Lammie,@casicreativo,1.3M,7.2%,"Animation and Cosplay, Automotive, Actors, Music"
253,Capricornio HoroÌscopo Negro,@capricornio_horoscoponegro,1.3M,4.6%,
254,Laia LoÌpezğŸ¤,@itslopez,1.3M,3.59%,"Art, Illustrator, Graphics, Design"
255,TEMPO,@elrealtempo,1.3M,0.7%,"Entertainment and Music, Modeling, Music"
256,Paco Tous,@pacotous,1.3M,0.31%,"Actors, Journalists"
257,Aissa Mandi,@aissamandi23,1.3M,3.85%,Soccer
258,Celia Rubio,@_celiarubio,1.3M,0.14%,"Education, Finance"
259,La Familia Cubana,@lafamiliacubana,1.3M,0.67%,Actors
260,Stanislas Wawrinka,@stanwawrinka85,1.3M,0.8%,
261,Bart.   / Maquillaje / skincare,@makeupbybart_,1.3M,1.56%,"Beauty and Self Care, Entertainment and Music, Product Education"
262,Paul Ferrer,@mrpaulferrer,1.3M,3.51%,"Fashion and Accessories, Humor, Film, Music & Books, Nature & Outdoors"
263,ğ•œğ•£ğ•šğ•¤ğ•¥ğ•™ğ•šğ•Ÿ ğ”¾ğ• ğ•ğ•–ğ•«,@kristhin_g,1.3M,0.09%,"Beauty and Self Care, Pets, Dogs"
264,ARABELLA CHI,@arabellachi,1.3M,0.49%,"Fitness, Modeling"
265,Esteban MartiÌnez,@estebanshow13,1.3M,0.78%,"Sports, Volleyball"
266,â˜ ï¸Beatrizâ˜ ï¸,@bbn.makeup,1.3M,1.37%,Beauty and Self Care
267,Beret,@beret1996,1.3M,0.6%,"Fashion and Accessories, Moms, Actors"
268,Ladislao Camara Carranza,@ladislao_9,1.3M,3.6%,"Fashion and Accessories, Home and Garden"
269,El Mundo,@elmundo_es,1.3M,0.73%,"News, Actors, Journalists"
270,ğ—˜ğ—±ğ—´ğ—®ğ—¿ğ—± ğ—°ğ—¼ğ—» ğ—— ğŸ‡ªğŸ‡¸,@cencilloconc,1.3M,3.11%,"Fashion and Accessories, Arts and Crafts"
271,Pol Granch,@polgranch,1.2M,7.46%,"Entertainment and Music, Marketing and Advertising"
272,Alex Hoyer,@alexhoyer_,1.2M,2.21%,"Entertainment and Music, Music, Actors"
273,Carlos Martinez De Jesus,@carlosmartine08,1.2M,1.16%,"Fashion and Accessories, Celebrity, Actors, Modeling"
274,Cristiano Ronaldo Fan Page,@cr7ir,1.2M,0.41%,"News, Soccer, Tennis"
275,Jorge Martin Almoguera,@89jorgemartin,1.2M,3.75%,"Sports, Riders, Motorcycle Racing"
276,Dario Orsi,@darioorsi,1.2M,0.63%,"Entertainment and Music, Celebrity, Actors"
277,VALMIX ğŸ§¸,@valmaseda,1.2M,4.79%,Fashion
278,ğ˜¼ğ™¡ğ™šğ™­ ğ™ˆğ™–ğ™£ğ™™ğ™¤ğ™£ ğ™ğ™šğ™® ğŸ¦,@alextopdancerr,1.2M,2.41%,Entertainment and Music
279,SiarağŸ€,@siiara_,1.2M,4.28%,"Fashion and Accessories, Entertainment and Music"
280,Vanesa  Romero,@vanesa_romero,1.2M,0.4%,"Acting and Drama, Entertainment and Music, Fashion and Accessories, Modeling"
281,Valencia CF ğŸ¦‡ğŸ’¯,@valenciacf,1.2M,0.53%,"Sports, Soccer, Actors"
282,Carmen MunÌƒoz,@carmenmoriginal,1.2M,0.16%,"Entertainment and Music, Television, Actors"
283,Alvaro Soler,@alvarosolermusic,1.2M,0.47%,"Entertainment and Music, Actors, Music"
284,Elizabeth ClapÃ©s,@esmipsicologa,1.2M,2.22%,"Education, Video Gaming"
285,Michela ElÃ­as Repetto,@mikkielias95,1.2M,0.57%,"Fitness and Health, Fashion and Accessories, Actors, Modeling"
286,AURELA HOXHA,@hoxha_aurela,1.2M,2.33%,"Entertainment and Music, Modeling, Actors, Celebrities"
287,CRISTINA CASTAÃ‘O,@cristinacastano.3,1.2M,0.77%,"Art, Actors"
288,Juan Amodeo,@amodeo13,1.2M,2.48%,"Entertainment and Music, Celebrity, Actors, Film, Music & Books"
289,Melendi Oficial,@_melendioficial_,1.2M,5%,Actors
290,PEDRO SANDOVAL,@pedrosandovalartist,1.2M,0.82%,Arts and Crafts
291,Malena Narvay,@malena.narvay,1.2M,1.99%,"Acting and Drama, Actors, Modeling"
292,Albert Laro,@albertlaro_,1.2M,1.33%,
293,Ferran,@kingferran,1.2M,5.21%,"family, Entertainment and Music, Funny, Parenting"
294,Serge Ibaka,@sergeibaka,1.2M,1.28%,"Sports, Soccer, Chef, Food"
295,DanielFez,@danielffez,1.2M,2.49%,Arts and Crafts
296,Alba Paul Ferrer,@albapaulfe,1.2M,2.05%,"Fashion and Accessories, Food, Marketing and Advertising, Lifestyle"
297,ğ•µğ–Šğ–“ğ–“ğ– ğ•³ğ–Šğ–—ğ–’ğ–”ğ–˜ğ–” ğŸ™ƒ,@jennihermoso,1.2M,9.44%,"Sports, Soccer, Journalists, Actors"
298,EloiÌˆse Appelle,@eloiseappelle,1.2M,3.6%,Travel
299,ğ——ğ—¶ğ—¯ğ˜‚ğ—·ğ—¼ğ˜€ ğ—²ğ—» ğ˜ƒğ—²ğ—¿ğ˜€ğ—¼ğ˜€.,@dibujosenversos,1.2M,0.64%,Arts and Crafts
300,C E C A,@cecaraznatovic,1.2M,1.56%,Art
301,Featured Design,@featured.design,1.1M,0.02%,
302,AlphaSniper97,@alphasniper_yt,1.1M,1.46%,"Games, Entertainment and Music, Actors, Modeling"
303,LuciÌa mi pediatra.,@luciamipediatra,1.1M,0.36%,Books
304,Laura Lopez,@laura.lopez.mon,1.1M,0.47%,"Chef, Food, Recipes"
305,garciaposti,@garciaposti,1.1M,0.15%,"Life and Society, Funny, Actors, Virtualization"
306,Recetas| Fit Happy Sisters,@fit_happy_sisters,1.1M,1.79%,"Fitness and Health, Food, Marketing and Advertising, Food and Drink"
307,Susi Rejano,@susirejano,1.1M,0.44%,"Fashion and Accessories, Lifestyle"
308,Fabian Ruiz PeÃ±a,@fabianruiz52,1.1M,3.9%,Video Gaming
309,RubeÌn DiÌez | Documentalista,@lethalcrysis_,1.1M,1.66%,Travel
310,Pili Pascual,@pili_pascual_,1.1M,2.1%,"Art, Acting and Drama"
311,El Mueble,@el_mueble,1.1M,0.35%,"Home and Garden, News, News & Politics"
312,Jimena Perez,@jimenachoco,1.1M,0.89%,"Beauty and Self Care, Food, family, Food and Drink"
313,â €â €â €â €â €â €â €â €â €â €â €â €â €â €â €â €á—°IGá‘Œá•®á’ª á–‡IOSÂ®,@miguel_rios_bor,1.1M,1.42%,"Education, Upskilling, Marketing and Advertising, Actors"
314,Jordan Elias,@jordiielias,1.1M,4.32%,"Entertainment and Music, Marketing and Advertising, Video Blogger"
315,MarÃ­a Valverde,@soylavalverde,1.1M,1.98%,"Acting and Drama, Actors, Modeling"
316,Cata Vallejos,@catavallejos,1.1M,0.56%,"Fitness and Health, TV Host, Humor"
317,Debora Dunhil,@deboradunhiloficial,1.1M,0.88%,Acting and Drama
318,Bianca Anastasia Arcori,@anastasiajadore,1.1M,0.76%,Fashion and Accessories
319,KikoRivera,@riverakiko,1.1M,0.47%,"Entertainment and Music, Actors, Journalists"
320,BelÃ©n Esteban,@belenestebanmenendez,1.1M,1.52%,"Entertainment and Music, family, Funny, Actors"
321,Greta Br.,@missgreta.x,1.1M,1.26%,"Marketing and Advertising, Fashion and Accessories, Beauty and Self Care"
322,Tatyana Rodionova,@rodionovatatyana,1.1M,1.53%,"family, Actors"
323,jorge angel,@enfermerojorgeangel,1.1M,0.54%,"Education, Life and Society"
324,valentiÌ sanjuan ğŸ¤˜,@valentisanjuan,1.1M,2.45%,"Arts and Crafts, Fitness and Health, Video Gaming, Video Blogger"
325,I n eÌ s ğŸŒµHoy Comemos Sano,@hoycomemossano,1.1M,0.78%,"Food, Education, Upskilling, Chef"
326,Melyssa Pinto,@melyssapiinto,1.1M,1.49%,Fashion and Accessories
327,Recetas fits ğŸ’ğŸ‰,@_recetasfits_,1.1M,0.17%,
328,La del ğ•¯ğ–—ğ–†ğ–’ğ–†,@karenmendezkm,1.1M,3.24%,"Entertainment and Music, Actors, Music, Singer"
329,MALA INFLUENCIA ğŸ¥·ğŸ¼,@malainfluenciv,1.1M,0.4%,
330,MoÌnica Naranjo,@monicanaranjo,1.1M,1.9%,"Entertainment and Music, Actors, Music, Journalists"
331,Matheus Cunha,@cunha,1.1M,10.02%,"Sports, Soccer"
332,Lidia Rauet,@lidiarauet,1.1M,1.48%,"Video Gaming, Actors, Modeling"
333,Adexe & Nau,@adexeynau,1.1M,0.66%,"Events, Music, Actors, Singer"
334,JesuÌs VaÌzquez,@jvazquezoficial,1.1M,1.17%,"Actors, Journalists"
335,Emprender |Inspirar |EÌxito,@entrepreneursenior,1.1M,0.06%,
336,Pascual Fernandez,@pascualprincipe,1.1M,0.57%,"Acting and Drama, Funny, Pets, Celebrity"
337,Enrique Arce Temple,@enriquearceactor,1.1M,0.17%,"Entertainment and Music, Actors, Journalists"
338,â¤ï¸FANY SHARKâ¤ï¸,@fanysharktv,1.1M,0.9%,Entertainment and Music
339,Luis Milla,@luismillacoach,1.1M,4.78%,"Sports, Soccer"
340,Absolem Dj,@absolemdj,1.1M,0.31%,Fitness and Health
341,Dr. Carla Barber - Antiaging,@dr.carlabarber,1.1M,0.36%,"Beauty and Self Care, Business and Finance, Actors, Journalists"
342,Museo Nacional del Prado,@museoprado,1.1M,0.5%,"Arts and Crafts, Education, Entertainment and Music"
343,Antonio Pozo ğŸ‡ªğŸ‡¸,@antonio.pozo,1.1M,2.38%,"Travel, Photography, Auto and Vehicles, Lifestyle"
344,Ari Geli ğŸ¦‹,@arigelii,1.1M,8.46%,Fitness
345,Shirly Gomez,@shirlygomezr,1.1M,0.82%,"Beauty and Self Care, Actors, Virtualization"
346,Ğ§Ğ°ÑÑ‚Ğ½Ğ°Ñ Ğ¶Ğ¸Ğ·Ğ½ÑŒ Ğ´Ğ¸Ğ·Ğ°Ğ¸Ì†Ğ½ĞµÑ€Ğ° ğŸŒ,@ekaterina77777777778,1.1M,0.67%,"Art, Arts and Crafts"
347,adidas_es,@adidas_es,1.1M,0.5%,"Fashion and Accessories, Coaching"
348,Fernando Llorente,@llorente_fer,1.1M,0.38%,"Sports, Soccer"
349,Z A R A OUTFITS DAILY Â®ï¸,@zara.outfits.balkan,1.1M,0.19%,Fashion and Accessories
350,Federico Caballero,@fedecaball,1.1M,0.06%,"Education, Business and Finance"
351,Ivan Perujo Oficial,@ivanperujo,1.1M,3.15%,"Fitness and Health, Coaching, Gym, Public Figure"
352,Anton Lofer,@antonlofer,1.1M,3.41%,"Entertainment and Music, Celebrity, Actors, Animals & Pets"
353,Alejandra Capetillo,@alecapetilloga,1.1M,4.57%,"Business and Finance, Soccer"
354,Dani MartiÌn,@_danimartin_,1.1M,1.83%,"Entertainment and Music, Music, Actors, Journalists"
355,ROBERT PG,@robert__pg,1.1M,14.1%,
356,GIANMARCO ONESTINI  ğŸ¦‚,@gianmarco.onestini,1.1M,0.58%,"Entertainment and Music, Lifestyle"
357,Nataniel Sanchez Varela,@natanielsanchezv,1.1M,0.69%,"Entertainment and Music, Actors"
358,Jose MarÃ­a Mete Bueriberi ğŸ‡ªğŸ‡¸ğŸ‡¬ğŸ‡¶,@madelman_,1M,3.19%,"Fitness and Health, Coaching, Gym, Artist"
359,ANUEL AA | FANS ğŸ’¯,@anuelaafrases,1M,0.2%,
360,Nacho Montes,@nachomontestv,1M,0.66%,Fashion and Accessories
361,Borja Sanfelix,@borjasanfelix,1M,0.42%,Fitness and Health
362,ğŸ‡ªğŸ‡¸ Ø§Ù”Ø®Ø¨Ø§Ø± Ø¨Ø±Ø´Ù„ÙˆÙ†Ø© ğŸ‡ªğŸ‡¸,@news_4_barcelona,1M,0.48%,Sports
363,La madre de Nachter - Oficial,@lamadredenachter,1M,4.35%,
364,NATALIA OSONA,@nataliaosona,1M,0.63%,"Fashion and Accessories, Product Showcase, Lifestyle, Actors"
365,LUCASğŸ”¥PERACCHIğŸ”¥PUROSANGUE,@lucasperacchi,1M,0.24%,"Nature, Surfing, Adventure"
366,HolaEnfermera,@holaenfermera,1M,11.38%,"Fashion, Actors, Journalists"
367,Jose enrique,@joseenriquee3,1M,0.85%,"Soccer, Pets"
368,ğ“ğ“»ğ“²ğ“ªğ“·ğ“· ğ“œğ“¾ğ“¼ğ“²ğ“¬,@ariannmusic,1M,1.49%,"Entertainment and Music, Marketing and Advertising, Actors, Journalists"
369,Esperansa Grasia,@esperansagrasia_,1M,7.72%,
370,Ivan Cabanas Trashorras,@motortips_,1M,1.65%,Auto and Vehicles
371,Raquel Bernabeu | Travel Creator âœˆï¸,@rachelbernabeu,1M,0.08%,"Education, Product Education, News, Actors"
372,Nico GonzaÌlez Iglesias,@nico14,1M,7.99%,Sports
373,Laura Matamoros,@_lmflores,1M,0.95%,"Fashion, Actors, Lifestyle"
374,NURIA ROCA,@nuriarocagranell,1M,0.48%,"Actors, Fashion, Journalists, Photography"
375,Fabien Sassier,@yetifit__,1M,0.88%,"Sports, Fitness and Health"
376,Inmagic,@_inmagic_,1M,1.44%,Arts and Crafts
377,ABRIL COLS,@abrilcols,1M,2.16%,"Marketing and Advertising, Modeling, Lifestyle"
378,Pelayo DiÌaz Zapico,@pelayodiaz,1M,0.73%,"Entertainment and Music, Lifestyle"
379,JosÃ© AndrÃ©s,@chefjoseandres,1M,0.35%,"Food, Modeling"
380,Pilar De Arce,@pilardearce,1M,0.46%,"Fashion and Accessories, Lifestyle"
381,Sonia Monroy,@soniamonroyhollywood,1M,0.08%,"Acting and Drama, Entertainment and Music, Business and Finance, Actors"
382,C A N D E L A  M A R Q U E Z,@candelamarquezh,1M,0.93%,"Art, Celebrity, Actors, Health & Fitness"
383,MARISA JARA,@marisajarab,1M,1.15%,"Fashion and Accessories, Actors"
384,Patri Tena | Tictacyummy,@tictacyummy,1M,0.58%,Food
385,MariÌa Turiel Soler,@meryturiel,1M,4.49%,"Food, Lifestyle, Celebrities, Design"
386,Andrea IbanÌƒez ğŸ‡ªğŸ‡¸ ğŸ‡²ğŸ‡½,@andreafarga,1M,5.55%,Funny
387,Marta // Travel Photographer,@voyage_provocateur,1M,18.23%,"Travel, Soccer, Adventure, Nature & Outdoors"
388,DANILO GIORGIANNI,@danigiorgianni,999.4K,0.05%,
389,ğ•ƒ.ğ•ƒ â„™ğ•–ğ•£ğ•¤Ã«ğ•—ğ• ğ•Ÿğ•– ğŸ’€,@______persefone______,998.2K,0.04%,Fashion
390,â˜€ï¸TRAVELâ˜€ï¸ LIFEâ˜€ï¸ BUSINESS,@travel2you.ru,997.5K,3.98%,Travel
391,Mario Hervas,@mariohervas,994.1K,0.4%,"Fitness, Fashion, Modeling"
392,Mayichi,@mayichiii,992.7K,1.42%,"Entertainment and Music, Games"
393,Madrid Milan London,@marshamilan,988K,0.45%,"Education, Singer"
394,,@telecincoes,985.4K,1.7%,Entertainment and Music
395,ivansanchezz,@ivansanchezz,984.6K,0.85%,"Acting and Drama, Celebrity, Actors, Journalists"
396,Amaia Salamanca,@amaiasalamanca,982.3K,1.31%,"Bikini, Fashion, Actors"
397,â¤ï¸ Frases De Amor â¤ï¸,@parejasjovenes_,979.4K,2%,
398,Rafael Cabaliere,@rafaelcabaliere,973.4K,3.9%,
399,ADRI CONTRERAS.,@adricontreras4,970.2K,11.42%,Entertainment and Music
400,Moha K ğŸ¦ğŸ‡µğŸ‡¸ğŸ‡±ğŸ‡§ğŸ‡²ğŸ‡¦ğŸ‡©ğŸ‡¿ğŸ‡¹ğŸ‡·ğŸ‡ªğŸ‡¬ğŸ‡«ğŸ‡·ğŸ‡¹ğŸ‡³ğŸ‡ªğŸ‡¸,@moha_kaid,968.8K,2.71%,Art
401,Sara Escudero,@collagevintage,968.7K,0.1%,"Fashion and Accessories, Travel, Celebrities"
402,Pol Turrents,@polispol,965.8K,0.75%,Arts and Crafts
403,Cris NÃºÃ±ez,@bebe.ioda,965.4K,1.46%,Pets
404,Shimaa,@likeshaimaa,965K,0.69%,"Fashion and Accessories, Luxury, Lifestyle"
405,Gemma Correll,@gemmacorrell,957.7K,2.02%,"Arts and Crafts, Funny, Celebrity, Comics"
406,J e s s i c a  H a l l e r,@jessica_haller,952.7K,1.25%,"family, Travel, Automotive, Lifestyle"
407,B R E N D A   C A T A L AÌ N â™¥,@brencatalan,947.2K,1.23%,"Fashion and Accessories, Video Blogger"
408,PEDRO BUSTOS DELGADO,@mr.pedrobustos,946K,0.97%,
409,Arkano,@smootharkano,944K,1.03%,"Art, Singer"
410,PolicÃ­a Nacional,@policianacional,943.5K,1.2%,"Politics, Dogs, Actors"
411,Sergio Carvajal,@sergiocarvajal7,941.3K,0.39%,"Fitness and Health, Actors, Film, Music & Books, Celebrities"
412,Claudio Dâ€™ambrosio,@claudiodambrosio,940.7K,1.08%,"Art, Chef, Food"
413,Yvonne ReyğŸ‘‘,@yvonnereyofficial,940.5K,0.3%,"Fashion and Accessories, Lifestyle"
414,UshuaÃ¯a Ibiza Official,@ushuaiaibiza,938.6K,1.54%,"Entertainment and Music, Hotels, DJ"
415,Laura & Alex | Travel,@juntos_viajando,934.8K,2.54%,"Travel, Outdoor Activity, Adventure"
416,THE WILD PROJECT,@the.wildproject,934.8K,4.13%,Entertainment and Music
417,Streetstyle,@zara_streets,934K,0.09%,"Fashion and Accessories, Styling, Lifestyle"
418,Post United,@postunited,933.3K,4.03%,Actors
419,Joana Sanz,@joanasanz,932.4K,0.52%,"Fashion and Accessories, Modeling, Actors"
420,Defreds,@defreds,930.3K,1.11%,Quotes
421,Stiven Agudelo,@stivenagudelohair,927.8K,2.26%,Art
422,ï¼®ï¼©ï¼¥ï¼¶ï¼¥ï¼³   ï¼¢ï¼¯ï¼¬OÌï¼³ | ğŸ“PsicoÌloga & Coach & PT|,@niieves_fit,927.7K,1.28%,"Fitness and Health, Hair & Beauty, Health & Fitness, Gym"
423,Gemma Collado,@gemmacgreal,925.5K,1.4%,"Beauty and Self Care, Actors, Celebrities, Humor"
424,C A R L A   F L I L A,@carlaflila,922.1K,2.38%,"Entertainment and Music, Actors"
425,ğŸ‡ªğŸ‡¸ Santiago Abascal ğŸ‡ªğŸ‡¸,@santi_abascal,921.4K,0.55%,"Life and Society, Actors, Journalists"
426,Rubentonces,@rubentonces,920.7K,14.4%,"Funny, Entertainment and Music, Actors, Modeling"
427,Stefan Kunz,@stefankunz,919.9K,17.27%,"Arts and Crafts, Product Education, Design, Architecture"
428,Alberto Del Arco,@albertodelarco,916.7K,0.29%,Entertainment and Music
429,Natalia Lozano,@natalialozanofr,916.4K,0.87%,"Fashion and Accessories, Events, Lifestyle, Plus Size"
430,Alberto Contador,@acontadoroficial,916K,2.22%,"Sports, Automotive"
431,Pablo Sarabia,@pablosarabia92,915.9K,2.32%,"Soccer, Sports"
432,Alex Rins 42,@alexrins,911.2K,1.09%,"Riders, Motorcycle Racing"
433,Lu :):,@luciadelapuerta,908K,1.31%,"Acting and Drama, Film, Music & Books, Celebrities"
434,Maria Castro,@maria_castro_jato,907.8K,1.24%,"Acting and Drama, family, Actors, Journalists"
435,Maribel GarcÃ­a,@recetasparaserfeliz,907.2K,0.42%,"Food, Food and Drink"
436,MARC CUCURELLA,@cucurella3,904.4K,1.13%,"Sports, Soccer, Actors, Journalists"
437,ï¸ï¸Ruben Shan | Unica Cuenta,@rubenshan,903.7K,3.4%,"Sports, Actors, Modeling, Athlete"
438,Rosario Flores,@rosarioficial,900.7K,0.44%,"Entertainment and Music, Actors, Music"
439,Chef Rafa,@rafuel55,897.6K,0.57%,"Food, Home and Garden, Food and Drink, Chef"
440,LucÃ­a SÃ¡nchez RodrÃ­guez,@luciasar94,897.3K,2.45%,"Life and Society, Travel"
441,El Monaguillo,@elmonaguillo,896.4K,1%,"Entertainment and Music, Celebrity, Actors"
442,JUAN MAGÃN,@juanmagan,893.8K,0.25%,"Entertainment and Music, Marketing and Advertising, Actors, Music"
443,G O L L E,@gollegz,893.3K,1%,"Cars & Motorcycles, Kids & Parenting, Cooking, Technology"
444,CÃ³mics TerrorÃ­ficos,@comicterrorifico,891.9K,1%,News
445,Cris Blanco ğŸ’›,@crisblancofdz,889.9K,2.26%,"Entertainment and Music, Business and Finance"
446,Papi Gavi,@agavilanyt,889.5K,2.79%,"Entertainment and Music, Marketing and Advertising, Actors, Modeling"
447,Ãlvaro Odriozola,@alvaroodriozola,888.3K,0.77%,Soccer
448,INÌƒAKI WILLIAMS ARTHUER,@williaaaams11,887.7K,7.63%,Sports
449,Suso,@suso,887.2K,0.4%,Soccer
450,Ioana Chira,@ioana_fit,887K,0.17%,"Fitness and Health, Coaching, Training"
451,Patricia Mary Lamanna,@thatsoccerplayer7,883.3K,0.76%,Sports
452,ADARA MOLINERO,@adara_molinero,882.4K,1.16%,"Beauty and Self Care, Actors, Modeling"
453,Cristina Larrumbe,@trucosparadecorar,882.2K,0.19%,News
454,Nerea Leal Diez,@ivneere,880.4K,0.88%,"Nature, Animals, Marketing and Advertising, Modeling"
455,Datos FantÃ¡sticos ğŸ’¡,@datosfantasticos,868.5K,19.46%,"Education, Home and Garden, Virtualization, Actors"
456,Laura Sanchez | Maquillaje profesional,@laura_makeup,864.9K,0.19%,Beauty and Self Care
457,patty dragona,@patty_dragona,863.6K,0.16%,"Animals, Games, Video Gaming, Actors"
458,TonÌƒi Moreno,@tmoreno73,862.9K,0.65%,"Actors, Journalists, Journalist"
459,Marta Riumbau,@riumbaumarta,862.1K,4.38%,"Fashion, Lifestyle"
460,GEMMA GALLARDO,@gemita327,860.1K,0.88%,"Education, Upskilling, Entertainment and Music"
461,Yannick Carrasco,@yannickferreiracarrasco,855.3K,2.12%,"Sports, Soccer"
462,Carlos Sainz,@carlossainzoficial,855.1K,10.37%,Sports
463,#RIPMiNegraYocastağŸ‘¼ğŸ¾ğŸ’–,@eljincholagentefuerte,853.6K,8.22%,"Entertainment and Music, Marketing and Advertising, Actors, Music"
464,Chares,@charesbien,852.1K,3.53%,"Entertainment and Music, Funny, Marketing and Advertising"
465,Glo â™¡,@gloriacamilaortega,846.8K,1.29%,
466,Javiera SuÃ¡rez,@javierasuarezoficial,845.2K,5.53%,"Food, Marketing and Advertising, Actors, Journalists"
467,Edurne Alba,@rebelattitude,843.3K,0.51%,"Arts and Crafts, Life and Society, Lifestyle, Hair & Beauty"
468,Agustina Palma,@palmaagustina,840.6K,0.66%,"Celebrity, Art, Acting and Drama"
469,Blue Mary,@bluemaryoficial,840.5K,0.34%,Art
470,AIDA,@aidamartorell,838.8K,1.67%,"Fashion and Accessories, Arts and Crafts, Marketing and Advertising"
471,Ari Vilchis,@aryvilchis,837.3K,2.26%,"Entertainment and Music, Animation and Cosplay"
472,Zara Addiction,@zaraaddiction,834.3K,0.14%,"Fashion and Accessories, Lifestyle"
473,Rebeca JV,@rebejimenezgipsykings,834K,1.69%,Actors
474,Ana Fernandez ğŸ§šğŸ¼â€â™€ï¸,@anafdz1989,833.9K,1.15%,"Acting and Drama, Celebrity, Actors"
475,nattinatasha â¤ï¸âœŒï¸,@natiinatasha._,833.7K,0.1%,
476,yuni ğŸª½,@yunimat,830.3K,4.01%,"Entertainment and Music, Funny"
477,AdriÃ¡n San Miguel Del Castillo,@adr13nsanmiguel,824K,4.9%,Soccer
478,Margarita de GuzmaÌn Luque,@invitadaideal,820.8K,0.4%,"Romance and Wedding, Fashion and Accessories, Travel, Life and Society"
479,Ivana RodriÌguez,@ivana.rodriguez,819.8K,1.21%,"Beauty, Actors"
480,Maribel DomÃ­nguez ğŸ‡ªğŸ‡¸,@mdfhima,816.4K,0.2%,"Fashion and Accessories, Lifestyle, Hair & Beauty, Design"
481,Brunenger,@brunenger,813.5K,6.29%,"Entertainment and Music, Games, Automotive"
482,MARÃA FERNÃNDEZ-RUBÃES SOLER â™¡,@mariafrubies,812.8K,1.26%,"Fashion and Accessories, Life and Society, Lifestyle, Celebrities"
483,Las Recetas de YO MADRE,@yomadrero,810.9K,0.99%,"Arts and Crafts, DIY and Life Hacks, Actors"
484,DJ CONDS,@djconds,810.4K,0.22%,"News, DJ"
485,AÉ´á´›á´É´Éªá´ Já´seÌ,@antoniojoseofficial,808.7K,1.38%,"Nature, Actors, Journalists"
486,Sandra Barneda,@sandrabarneda,805.8K,1.42%,"Arts and Crafts, Actors"
487,á´‡ÊŸá´‡É´á´€ Êœá´œá´‡ÊŸá´ á´€,@elenahuelva02,805.6K,49.37%,"Education, Marketing and Advertising"
488,Jordi Sanchez Zaragoza,@jordisanchez_actor,804.6K,1.11%,"Acting and Drama, Celebrity, Actors"
489,Fanny Garces,@fannygarces,804.4K,1.22%,"Entertainment and Music, Actors"
490,Elena Miras,@elena_miras,802.7K,3.51%,"Fashion and Accessories, Lifestyle"
491,Elma Aveiro,@elma_oficial,801.6K,0.16%,
492,Javier lÃ³pez hervÃ¡s,@eltrollinoyt,800.3K,0.72%,"Entertainment and Music, Games, Video Blogger, Actors"
493,Alba Carrillo,@albacarrillooficial,797.1K,0.76%,"Fashion and Accessories, Entertainment and Music, Television, Actors"
494,AYAX,@ayax_albayzin,797K,1.07%,"Entertainment and Music, Actors, Journalists, Nature & Outdoors"
495,Freshly Cosmetics SpainÂ®,@freshlycosmetics_es,795.4K,0.11%,"Beauty and Self Care, Business and Finance, News, Lifestyle"
496,Porta,@realporta,794.5K,4.15%,"Entertainment and Music, Video Gaming, Modeling"
497,Mujeres y hombres...,@myhtv,792.1K,2.3%,"Fashion, Actors, Journalists"
498,Saris HH,@saris_hh,791.1K,0.22%,"Fashion and Accessories, family, Finance, Medical Health"
499,Gabriel Paulista,@gpaulista5,790.7K,1.2%,Sports
500,Maria Riera,@mariariieraa,788.5K,5.7%,Sports
501,FCB WORLD,@forca_fcb,787.7K,1.09%,"Entertainment and Music, Soccer"
502,ğ—§ğ—˜ğ—”ğ—  ğ—™ğ—–ğ—•,@teamfcb,786.5K,2.83%,"Sports, News, Soccer"
503,Sandro Ramirez,@sandroramirez9,784.8K,0.6%,"Sports, Soccer"
504,,@chicosinvisibles,781.6K,2.6%,
505,ISAâœ¨,@isapantojam,779.1K,2.62%,"Marketing and Advertising, Actors"
506,Cathy Guetta,@cathyguetta,775K,0.36%,"Entertainment and Music, Fashion and Accessories, Parenting, Modeling"
507,Rocio Flores,@rotrece,774.4K,2.94%,"Finance, Actors, Modeling"
508,iTownGamePlay Oficial Â©,@itownyt,771.2K,0.72%,"Entertainment and Music, Music, Dogs, Actors"
509,SAIKO,@saikobeibe,769.8K,19.8%,Art
510,Niklas Rueth,@niklinio,767.4K,2.12%,"Fashion and Accessories, Cars & Motorcycles, Film, Music & Books"
511,Alejandro de la Madrid,@alexdelamadrid,761.9K,0.4%,"Art, Actors"
512,á´‡êœ±á´„á´‡É´á´€êœ± É¢á´€Ê,@escenasgay,761.3K,2.88%,Entertainment and Music
513,Cristina Cerqueiras,@cristinacerqueiras,761K,0.89%,"Beauty and Self Care, Finance, Business and Finance, Lifestyle"
514,Pati Ginzo | Coach ğŸš€,@patiginzo,758.5K,0.28%,Journalists
515,Nau,@nauzetoficial,756.4K,0.82%,"Entertainment and Music, Soccer, Actors, Music"
516,Raquel Mosquera,@raquelmosqueram,754.4K,0.81%,"Beauty and Self Care, Marketing and Advertising, Actors, Journalists"
517,Jorge Amor,@jorge_amor,753.4K,0.9%,"Entertainment and Music, Funny, Actors, Journalists"
518,Marta SolinÌƒo,@maledimiele,752.7K,1.04%,
519,Guia Saludable ğŸ,@guiasaludable_,752.2K,0.1%,Fitness and Health
520,VERÃ“NICA DÃAZ | Moda y lifestyle,@modajustcoco,750.7K,1.29%,"Fashion and Accessories, Home and Garden, Video Blogger, Actors"
521,Anna Castillo,@nanitita,750.6K,4.08%,"Actors, Modeling"
522,RociÌo MunÌƒoz Morales,@rociommorales,749.9K,1.14%,"Entertainment and Music, Moms, Lifestyle"
523,Delantero09,@therealyesus,748.7K,4.65%,"Sports, Soccer"
524,Lola Ortiz,@lolita_ol,747.4K,0.25%,"Outdoor Activity, Lifestyle"
525,RamÃ³n Torres Psicologo,@ramontorrespsicologo,746.1K,0.64%,"Medical Health, Actors, Lifestyle"
526,Nicanor GarciÌa,@nicanorgarcia,745.6K,0.16%,"Travel, Arts and Crafts, Photography, Architecture"
527,Nerea GonzÃ¡lez,@nerea.gogo,743.5K,0.76%,
528,Antena 3,@antena3com,743.4K,0.07%,Actors
529,Ouidad Hakimi. ÙˆØ¯Ø§Ø¯ Ø­ÙƒÙŠÙ…ÙŠ,@ouidadhakimii,742.6K,4.59%,Actors
530,Irina Isasia,@irimatic,739.9K,3.58%,"Fashion, Lifestyle"
531,Jose Luis Crespo,@quantumfracture,738.8K,1.08%,"Education, News, Actors"
532,SILVANA REBOLLO,@silvanarebollo_,737.5K,1.43%,
533,Frases | Escritos | poesia,@frasesjuveniles,737K,0.53%,
534,Clara FernaÌndez | Track & Field,@claraaafernandez,736.2K,2.94%,Sports
535,andrea,@andreaapalazon,736.1K,3.24%,Arts and Crafts
536,Jon Rahm Rodriguez,@jonrahm,735.1K,2.18%,"Sports, Cars"
537,JC REYES A.K.A LA BESTIA,@_theyounggypsy,733.1K,8.11%,Entertainment and Music
538,Rosanna Zanetti,@rosannazanetti,733K,1.79%,"Entertainment and Music, Fashion and Accessories, Automotive, Actors"
539,CocoÌ March N.M.D. Â®ğŸŒŸSpanish,@cocomarch.nmd,731.6K,0.37%,
540,Jordi Roca,@jordirocasan,728.6K,1.91%,"Travel, Fashion"
541,ğ‘±ğ’ğ’‰ğ’ ğ‘ª // ğ‘´ğ’“.ğ’ğ’ğ’ğ’ƒğ’Šğ’† ğŸ¦â€¼ï¸ğŸ”ª,@john_c.mrz,727.3K,1.8%,
542,Mariquita TrasquilaÌ,@mariquitatrasquila,726.7K,0.15%,"Fashion, Lifestyle"
543,MarÃ­a Isabel DÃ­az Lago,@mariaisabeldiazlago,725.7K,1.3%,"Acting and Drama, Actors, Journalists"
544,Movistar Team,@movistar_team,724.6K,0.5%,"Sports, Bikes, Journalists, Actors"
545,JosÃ© MarÃ­a GutiÃ©rrez HernÃ¡ndez,@guty14haz,724.5K,4.2%,"Soccer, Actors"
546,Jannys Yamilet Mercedes Gonzalez,@tumediceyyotedig0,724.3K,0.67%,"Beauty and Self Care, Health and Medical Services, Actors"
547,Salvador Delclaux,@salva.delclaux,722.5K,-,"Beauty, Fashion"
548,lawtips,@lawtips,721.2K,1.55%,"Education, Upskilling"
549,Alexia âš¡ï¸,@alexity_world,719.2K,2.05%,"Art, Celebrity, Moms, Dance"
550,Jordi Rodriguez Moreno,@jordirodriguezmoreno,716.8K,2.23%,"Entertainment and Music, Arts and Crafts, Life and Society, Lifestyle"
551,Oscu,@nicolasodetti,716.7K,5.39%,"Entertainment and Music, Actors"
552,Pau Clavero,@hiclavero,716.3K,9.66%,"Arts and Crafts, Lifestyle, Modeling"
553,PoesÃ­a de los Cielos,@poesiadeloscielos,710.9K,1.93%,"Arts and Crafts, Actors"
554,MarÃ­a Pilar LeÃ³n CebriÃ¡n,@marialeonn16,709.5K,8.17%,"Sports, Soccer"
555,Javier Calvo,@javviercalvo,703.4K,3.56%,"Entertainment and Music, Actors, Journalists"
556,Raquel Mauri,@raquel_mauri,703.3K,1.2%,Fashion
557,Irene Rosales VaÌzquez,@irenerova24,703K,1.29%,"Marketing and Advertising, Moms, Lifestyle, Celebrities"
558,Gotzon Mantuliz,@gotzonmantuliz,703K,2.27%,"Nature, Photography, Adventure"
559,Claudia La Gatta,@claudialagatta,702.4K,0.5%,Art
560,Lana,@helloimlana,702K,10.93%,"Parenting, Video Blogger"
561,Melody,@soyyomelody,701.7K,2.12%,"Funny, Entertainment and Music, Actors"
562,SILVIA,@sileyls,699.6K,1.87%,Fashion and Accessories
563,JUAN AVELLANEDA,@avellaneda_eu,699K,1.63%,"Fashion, Lifestyle"
564,Mayu | Profe de Ingles Online,@mayusclassroom,696.8K,0.23%,Education
565,Julio Buffarini,@buffarini07,694.9K,4%,
566,Nuria Calvo,@nurycalvo,694.2K,1.56%,"Education, Video Gaming, Moms, Actors"
567,APOLONIA LAPIEDRA,@officialapolonia,694K,4.8%,"Marketing and Advertising, Modeling, Actors"
568,Machy Guerrero,@psicoeducarmx,693.6K,1.49%,"family, Education"
569,Hugo PÃ©rez,@hugoperezcabaleiro,691.5K,1.63%,"Nature, Animals, Travel, Lifestyle"
570,Priscila Castro Jara,@priscilacastrojara,691.4K,0.6%,"Education, Actors, Virtualization"
571,Dante Caro,@dante_caro,690.6K,62.86%,"Entertainment and Music, Actors, Journalists"
572,Ù…Ø³ØªØ± Ø±ÙŠØ§Ù„ Ù…Ø¯Ø±ÙŠØ¯ ğŸ‡°ğŸ‡¼,@news_rmd,690.5K,0.6%,"Sports, News"
573,Marketing Ingenioso - Vende con InstagramğŸ’°,@marketingenioso,690.4K,0.13%,"Finance, Marketing and Advertising"
574,Iloverunn.com â„¢ï¸,@iloverunn,689.4K,0.06%,"Outdoor Activity, Sports, Food and Drink, Parenting"
575,Frank Cuesta,@cuestafrank,688K,3.49%,Actors
576,Solo En Sivar,@solo.en.sivar,687.6K,0.69%,
577,Irma Master Feng Shui & MetafÃ­sica ğŸ‹ ğŸ”” y Mi Estilo de Vida ğŸ§™â€â™€ï¸,@fengshuitips88,686.5K,1.01%,Home and Garden
578,Anita Matamoros Giaever,@anitamg,686.1K,1.57%,"Fashion and Accessories, Education, Modeling, Lifestyle"
579,NEREA PASCUAL,@lanenahbrugal,685.6K,1.34%,Entertainment and Music
580,Roberto Leal,@robertolealg,684.7K,1.7%,"Arts and Crafts, Marketing and Advertising, Actors"
581,AtlÃ©tico de Madrid Femenino,@atletifemenino,684.3K,0.32%,"Sports, Soccer"
582,Thiago Galhardo,@tgalhardo,683.2K,1.61%,"Sports, Finance, Education, Soccer"
583,El Bizarro,@ciudadbizarra,679.4K,0.25%,"Product Showcase, Marketing and Advertising, Film, Music & Books"
584,JesÃºs Vallejo,@jesusvallejo1997,677.8K,1.4%,"Sports, Soccer"
585,Gerald Capuozzo,@territoriofit,677.7K,0.34%,"Fitness and Health, Coaching, Gym, Humor"
586,Maria FagerstrÃ¶m | 737 Captain,@mariathepilot,677.6K,1.53%,"Education, Outdoor Activity, Business and Finance, Events"
587,UN TÃO LEGALâš–ï¸| LABORAL_TIPS,@un_tio_legal_,676.7K,1.52%,Finance
588,Gabriel Soares,@ggsoaress,676.2K,2.25%,"Beauty and Self Care, Fashion and Accessories, Soccer, Modeling"
589,Javier | Ãšnico Sobreviviente,@unicosobreviviente,673.5K,0.06%,
590,Athletic Club,@athleticclub,673.3K,1.15%,"Fitness, Soccer, Coaching, Training"
591,Mi,@miawoodhall,671.5K,2.58%,Fashion and Accessories
592,TheGrefg CF fans,@grefg_official__,671.4K,1.5%,Entertainment and Music
593,HANNUN,@hannunbcn,671.3K,0.03%,"Home and Garden, Product Showcase"
594,Ejercicio en Casa,@ejercicioencasa.ok,671K,0.7%,
595,FRASES - AMOR - CONSEJOS,@tipicajuventud,670.8K,0.28%,"Romance and Wedding, Life and Society, Home and Garden, Music"
596,Marina Balenciaga,@marinaemmb,668K,0.41%,"Beauty and Self Care, Modeling"
597,Eva Isanta,@evaisanta,667.2K,0.38%,Actors
598,Aurah Ruiz,@aurah.ruiz,666.8K,0.76%,"Entertainment and Music, Marketing and Advertising, Actors, Modeling"
599,Marii Pazz,@mariipvzz,666.8K,8.91%,"Fashion and Accessories, Lifestyle, Modeling, Celebrities"
600,The Top Comics,@thetopcomicsoficial,666K,2.26%,"Animation and Cosplay, Entertainment and Music, News, Actors"
601,Charly Sinewan,@charlysinewan,665K,2.25%,"Travel, Outdoor Activity, Automotive, Actors"
602,Z I N E B  â€¢ L A A L A M I,@zineblaalami,663.3K,4.24%,"Animation and Cosplay, Celebrity"
603,MisterChip (Alexis),@2010misterchip,662.1K,1.41%,"Fashion, Soccer"
604,Carlos MuÃ±oz,@carlosdestello,661.7K,1.9%,"Finance, Business and Finance"
605,Jose Julio,@eljosejulio2,661.6K,4.52%,Entertainment and Music
606,Wissam Ben Yedder,@wissbenyedder,658.1K,1.33%,Soccer
607,Blair Walnuts,@blairwalnuts,657.8K,3.15%,Celebrity
608,Amorcito,@iamorcito_,657.8K,0.8%,
609,Vanessa Prato Torrealba,@vanessaprato,656.6K,1.71%,Fashion and Accessories
610,Recetas Tasty EspaÃ±ol,@tastygenial,656.5K,2.3%,Food
611,BarÃ§a Basket,@fcbbasket,655.5K,0.5%,Sports
612,Why Hats,@whyhats,654.1K,1.03%,"Art, Arts and Crafts, Fashion and Accessories"
613,Isaac Corrales,@isaacfcorrales,654K,1.74%,"Entertainment and Music, Actors, Modeling"
614,Noel,@noelbayarri,653.4K,3.8%,"Nature, Actors"
615,Inma Cuesta,@inmakum,652.8K,2.3%,"Acting and Drama, Actors, Modeling"
616,SÃ­lvia Abril,@silviabril,651.9K,2.1%,"Acting and Drama, Actors, Journalists"
617,Luuk de Jong,@luukdejong9,651.8K,3.61%,Soccer
618,ğ‘ğ”ğ“ğ‡ ğğ€ğ’ğ€ğ”ğ‘ğˆ,@ruthbasauri,651K,2.33%,"Entertainment and Music, Modeling, Actors"
619,carlota boza,@carlotabmendo,650.9K,4.01%,"Acting and Drama, Fashion and Accessories, family, Actors"
620,PALOMA CH.,@palochimeno,650.3K,0.26%,"Fashion and Accessories, Beauty and Self Care"
621,E.Abidal Official,@abi22ericabidal,648K,0.16%,Soccer
622,Gran Hermano,@ghoficial,647K,1.02%,Actors
623,,@mangobizarre,644.5K,1.4%,
624,NickyğŸŒ¶â¤ï¸â€ğŸ”¥ğŸ“›ğŸ¥ŠğŸ§¨ğŸ’,@makeeva69_,644.4K,1.35%,"Travel, Dance, Choreographer"
625,Sklum EspanÌƒa,@sklum.welovedesign,641.6K,2.2%,"Home and Garden, Product Showcase, Marketing and Advertising, Design"
626,Cristiano Ronaldo Fangirl â™•,@cr7.idol,639.2K,0.9%,Soccer
627,Carlos,@elchurchesoficial,637.6K,1.24%,"Entertainment and Music, Video Blogger"
628,JOSÃ‰ MANUEL SUÃREZ,@josemanuelsuarezzz,637.3K,2.9%,Acting and Drama
629,Lola Vendetta,@lola.vendetta,635.9K,0.84%,"Arts and Crafts, Entertainment and Music, Actors"
630,Alex Consejo Iglesias,@consejo8,635.7K,0.5%,"Education, Sports"
631,Miguel Benito Barrionuevo,@empleado_informado,633.7K,0.46%,Finance
632,VerÃ³nica SÃ¡nchez,@oh.mamiblue,633.4K,3.15%,"Home and Garden, Fashion and Accessories, Food, family"
633,ALESS GIBAJA,@alessgibaja,632.1K,2.19%,"Entertainment and Music, Lifestyle, Actors, Celebrities"
634,Atala Sarmiento,@atasarmiento,632.1K,0.75%,"Entertainment and Music, Actors, Journalists"
635,OSCAR MINGUEZA âš½ï¸ğŸ’™,@oscarmingueza,626.2K,1.68%,Sports
636,Jessica - Coach en NutriociÃ³n,@cuerpoenformaahora,625.5K,0.12%,
637,Miguel Vilas,@badvilas,624.6K,3%,"Arts and Crafts, Lifestyle"
638,â€œLoMejorDeLaVidaEsSerTÃºMismoâ€,@__.lauramullor,623.2K,4.6%,"Fashion, Lifestyle"
639,MIR36,@joanmir36official,620.4K,1.27%,"Sports, Actors"
640,Pablo PeÌrez - Blon,@blon_doblefilo,619.9K,4.95%,"Arts and Crafts, Actors, Hair & Beauty, Celebrities"
641,Kaydy Cain,@kaydy_cain,619.9K,4.12%,Actors
642,Sandra Majada,@invitada_perfecta,618K,0.29%,"Fashion and Accessories, Marketing and Advertising, Lifestyle, Events"
643,DJ ATENEA,@djatenea,616.5K,2.3%,"Entertainment and Music, Music"
644,Juan PeÌrez âš¡ï¸,@juanpere7,616.4K,13.99%,Education
645,SARA BACEIREDO,@sarabace,616.3K,1.68%,"Funny, Life and Society, Marketing and Advertising, Lifestyle"
646,Ariadne Artiles,@ariadneartiles,616.2K,0.72%,"Fashion and Accessories, Actors, Journalists, Celebrities"
647,UlIANA_UCRANIANA Peleshchak,@uliana_ucraniana,616K,0.42%,Fashion and Accessories
648,elvira sastre,@elvirasastre,616K,1.33%,"Fashion and Accessories, Video Gaming, Actors, Modeling"
649,Oso Trava,@osotrava,615.7K,0.22%,"Finance, Business and Finance"
650,Alvaro845,@alvaro845,615.7K,1.28%,"Entertainment and Music, Games, Video Blogger, Actors"
651,Alexia Destagnol ğŸ‘©ğŸ»â€ğŸ« French teacher,@lafrenchtribe,615.1K,0.55%,"Education, Parenting"
652,Ã“liver Torres,@olitorres10,613.1K,3.4%,"Sports, Soccer"
653,Juan GoÌmez-Jurado,@juangomezjurado,612.7K,2.47%,"Arts and Crafts, Actors, Modeling"
654,Victoria Ch,@spanish.with.vicky,612.6K,1.84%,
655,Erick Galan,@erickgalanmusic,612.6K,5.83%,"Actors, Music"
656,Ter,@tercosmicqueen,612.5K,11.39%,Entertainment and Music
657,Azahara ğŸ‘©ğŸ¼â€ğŸ¦±ğŸŒ±,@curly.azahara,612K,0.7%,"family, Travel, Food, Beauty and Self Care"
658,Kesha Ortega,@keshaortega,611.8K,0.48%,
659,ROI SASTRE,@roisastre,611.7K,1.32%,"Entertainment and Music, Funny, Marketing and Advertising, Actors"
660,Carolina Marin,@carolinamarin,610.9K,2.14%,Sports
661,Ona Gonfaus,@_onagonfaus,610.3K,10.6%,family
662,MONICA,@monicasors,609.9K,0.07%,"Fashion and Accessories, Business and Finance, Lifestyle, Hair & Beauty"
663,Asier Illarramendi,@illarra4,609.5K,0.66%,"Sports, Soccer"
664,INGRID ANNALA,@ingridanalla,606.4K,1.23%,
665,MERCADONA NOVEDADES by @inmaysusnovedades,@mercadona.novedades,604.7K,0.45%,"Product Showcase, Automotive"
666,Sergey Zelenko,@cristianofamily,602.1K,0.01%,"News, Soccer"
667,Michelle Coppola,@michcopmal,602.1K,0.22%,"Fitness and Health, Nature"
668,CENANDO CON PABLO,@cenandoconpablo,601.5K,1.39%,"Food, Marketing and Advertising, Chef"
669,Miquel Melero,@miquelmelero_,599.9K,6.5%,Photography
670,Alfon & Gon| Viajes ğŸŒğŸ“¸,@gemelosviajeros,599.1K,1%,Travel
671,Fatima Hajji,@fatimahajji,598.5K,3.29%,Entertainment and Music
672,Irene ğŸ’š Viajes & Cocina Sana,@come.vive.viaja,597.5K,0.59%,Travel
673,Miguel Lopez Jr.,@miguel.lopezjr0,597.2K,5.01%,Entertainment and Music
674,Angie L. Luna,@eyesofthemoon,596.1K,3.3%,"family, Travel, Education, Parenting"
675,MarÃ­a HernÃ¡ndez,@mariahernandezb18,595.3K,0.35%,"Education, Actors, Modeling, Journalists"
676,Rafa Mora Garcia,@rafamoratete,593.7K,0.24%,"Entertainment and Music, Actors"
677,,@carmen_lomana,592.8K,0.78%,"Entertainment and Music, Marketing and Advertising, Actors"
678,Iban Garcia,@ibngarcia,592.3K,1.26%,"Fashion and Accessories, Product Education, Marketing and Advertising, Actors"
679,Frases / CadenasğŸ¥€âœ¨,@odioeldorado,591.3K,6.7%,Entertainment
680,Sergio Jurado,@sergiojuradoyt,590.8K,4.03%,"Entertainment and Music, Automotive"
681,Romarey Ventura,@romarey_ventura,589.8K,2%,"Actors, Fashion, Celebrities"
682,AndrosLB,@androslb,589.2K,0.74%,"Entertainment and Music, Marketing and Advertising"
683,EL CREADOR DE MEMES ğŸ”µ,@jfelcreador,588.9K,-,"Fashion, Actors, Journalists"
684,Carlos MariÌn - SenÌƒor Zetaï¸ï¸,@sr_zeta,587.5K,0.76%,"Photography, Arts and Crafts, Modeling, Actors"
685,Pablo,@pablocastellano86,586.6K,4.21%,"Fashion, Lifestyle"
686,Natalia Cabezas,@trendy_taste,586.4K,0.32%,"Fashion and Accessories, Lifestyle"
687,M A Y K AğŸ–¤,@maii_rg,585.4K,1.5%,"Fashion and Accessories, Marketing and Advertising"
688,Felipe Augusto,@felipe.augusto,585.3K,1.78%,Automotive
689,Soy_IngenieroğŸ‘·,@soy_ingeniero,584.6K,0.12%,"Education, Architecture, Entertainment Website"
690,ANGELA PONCE,@angelaponceofficial,583.3K,1.16%,"Beauty and Self Care, Fashion and Accessories, Actors, Modeling"
691,Kenay Home,@kenayhome,583.1K,0.03%,"Home and Garden, Product Showcase, Marketing and Advertising, Actors"
692,La que se avecina,@la_queseavecina,583K,2.87%,"Entertainment and Music, Actors"
693,Maria Paula,@mapusa,580.8K,0.46%,
694,AIDA REDRU,@aidaredru,580.3K,2.83%,
695,Salma Paralluelo,@salmaparalluelo,578.8K,7.67%,Sports
696,Daniel Rueda + Anna DeviÌs,@drcuerda,577K,3.33%,"Arts and Crafts, Architecture"
697,Marta LoÌpez,@martalopeztv,574.8K,0.61%,"Food, Television, Actors, Lifestyle"
698,Carlos Raul Morales,@carlos.skincare,574.8K,0.41%,Beauty and Self Care
699,Elena Furiase,@elenafuriase,574.4K,0.91%,"Entertainment and Music, Acting and Drama, Celebrity, Actors"
700,Paramvir Singh Beniwal,@paramvir_beniwal,574K,16.71%,Travel
701,RaÃºl OrdÃ³Ã±ez,@jaspeante,573.6K,0.47%,Education
702,Cristian Benavente,@cristianbenavente,572.4K,3.78%,"Sports, Business and Finance, Soccer, Film, Music & Books"
703,AINA SIMON,@aina.simon,571.7K,0.99%,"Fashion and Accessories, Lifestyle, Celebrities"
704,ğ•µğ–”ğ–—ğ–Œğ–Š ğ•²ğ–šğ–Šğ–—ğ–—ğ–Šğ–—ğ–”,@elguerrerojorge,570.8K,1.73%,"Entertainment and Music, Music, Actors"
705,Montse Roura â¤ï¸,@montse__roura,570.7K,2.66%,"Beauty and Self Care, Fashion and Accessories"
706,Inma Campano,@inmacampanoo,569.9K,0.75%,Fashion
707,RubÃ©n YÃ¡Ã±ez Alabart,@ryanezalabart,569.7K,0.4%,"Soccer, Journalists, Actors"
708,Marina Ruiz Mora,@marinaruizmor,567.7K,1.17%,"Entertainment and Music, Actors, Modeling"
709,Berto Romero,@bertoromero,565.7K,2.7%,"Actors, Modeling, Fashion"
710,Tu Dosis De Amor ğŸ’•,@tudosisdeamor,565.7K,1.3%,
711,Topes de Gama,@topesdegama,565.1K,0.62%,"Product Education, Product Showcase, Actors"
712,Futurlife21,@futurlife21,564.7K,2.31%,"Fitness and Health, Food, Chef, Health"
713,JÃ¶nÃ¤thÃ¤n,@jonathanellull,564.3K,1.7%,Life and Society
714,OLGA CARMONA,@olgacarmona7,563.7K,2.33%,Sports
715,ANA GUERRA,@anaguerramusic,563.3K,2.18%,"Art, Singer"
716,Top food BCN â­ï¸ by Cristian SÃ¡nchez,@topfoodbcn,562.9K,0.58%,"Food, Food and Drink"
717,Sabina de Sancho,@lanubeducativa,562.6K,0.58%,Education
718,Vanessa Villada,@bellezacreada,561.1K,3.41%,"Beauty and Self Care, Actors"
719,PAU GONZALEZ,@giselleglezv,559.8K,12.27%,"Entertainment and Music, Video Gaming, Actors, Music"
720,Anna Ponsa Lopez,@annaponsalopez,559K,10.82%,"Arts and Crafts, Lifestyle, Celebrities, Design"
721,Magdalena Serapio Carbonell,@magdalenaserapio___,558.1K,2.34%,Fashion and Accessories
722,Indirectas 2019| ADOLESCENTES,@somos.indirectas,557.9K,5.8%,"Actors, Journalists"
723,Alex Collado,@alexcollado_,557.8K,1.29%,"Sports, Soccer, Coaching, Training"
724,Becca Pires,@beccapires,557.7K,2.32%,"Fitness and Health, Nature & Outdoors, Kids & Parenting"
725,Evolucion/Paz y Amor â˜¯ï¸,@mandalas_y_crecer,557.5K,0.6%,Education
726,Pedro Camacho | Enfermero de bebÃ©s y niÃ±os,@mireciennacido,557.1K,0.34%,Education
727,Miguel Ãngel Revilla,@revillamiguela,555.5K,1.2%,"Actors, Travel, Photography"
728,Jean Wyllys,@jeanwyllys_real,555.1K,0.79%,Education
729,L O V E L Y â„¢ï¸,@fashioninlovely,554.1K,1.3%,"Fashion, Moms, Entrepreneur, Business"
730,ğ—§ğ—µğ—² ğ— ğ—®ğ—±ğ—¿ğ—¶ğ—± ğ—©ğ—¶ğ—²ğ˜„ğ˜€,@themadridviews,551.1K,2.18%,Sports
731,Adam Katz Sinding,@aks,549.9K,0.06%,"Photography, Modeling, Fashion Design"
732,Mayel Jimenez,@mayel_jimenez_official,548.2K,-,Entertainment and Music
733,Paula OrdovaÌs,@paulaordovas,547.6K,0.5%,"Fashion, Lifestyle, Modeling, Hair & Beauty"
734,MotivaciÃ³n y Autoestima â¤ï¸,@mujersoberana,544.8K,0.5%,Business and Finance
735,Tania & Sergio,@ferayfamily,544.2K,2.55%,
736,Javifreestyle,@javifreestyler,542.1K,2.81%,"Sports, Celebrities, Health & Fitness"
737,Maria PatiÃ±o â™¥ï¸,@mariapatino1508,541.6K,0.56%,"Entertainment and Music, Journalists, Actors"
738,Pepe Rodriguez,@pepe_rodriguezrey,539.9K,0.56%,"Food and Drink, Food"
739,"Antonio DiÌaz, El Mago Pop",@elmagopopoficial,539.1K,2.86%,"Entertainment and Music, Actors"
740,Amelia Bono,@ameliabono,536.6K,1.29%,"Fashion and Accessories, Actors"
741,Raquel LÃ³pez,@yosoymamifit,536.2K,0.9%,"Fitness and Health, Business and Finance, Actors"
742,Shadoune666,@shadoune666,536K,4.78%,Entertainment and Music
743,Kiko Jimenez,@kikookiko,536K,1.79%,"Actors, Journalists"
744,Paz Vega,@pazvegaofficial,535.6K,0.25%,Actors
745,Kiramiro,@kiramiro,535.4K,3.05%,"Acting and Drama, Marketing and Advertising, Actors, Journalists"
746,Carolina Oliveira,@carololiveiraoficial,534.7K,0.08%,"Entertainment and Music, Celebrity"
747,JosÃ© Antonio SÃ¡nchez JimÃ©nez,@rubio_josesh10,533.4K,1.33%,
748,Koral la diva,@koralladiva,533.3K,1.1%,"Beauty and Self Care, Entertainment and Music"
749,Familia Coquete,@familiacoquetesoficial,533.2K,3.71%,"Fashion and Accessories, Arts and Crafts, DIY and Life Hacks, family"
750,Cabrogamer,@cabrogamer,532.4K,2.79%,Entertainment
751,SONIA MARIÌ ANDREÌS ğŸ¥‘,@soniamariandres,532.2K,0.45%,"Sports, Travel, Actors, Lifestyle"
752,"Kike Utrera , Nahir Romano",@kikeynahir_official,532K,1.83%,Entertainment and Music
753,Mobile Legends: BangBang (ES),@mlbblatam,531.8K,0.35%,Games
754,"NO SOY NEGRO, SOY MARRÃ“NğŸ‡ªğŸ‡¸ğŸ™‚ğŸ‡¬ğŸ‡¶",@elchicofitness1,531.6K,4.34%,"Fitness and Health, Politics"
755,Asier Etxeandia,@asieretxeandia,530.9K,0.79%,"Actors, Travel"
756,Israel Subira,@israelsubira,530.5K,2.83%,Fashion and Accessories
757,Paquito Navarro,@navarro_paquito,529.2K,2.33%,"Sports, Marketing and Advertising, Journalists, Actors"
758,Silvia Sicilia,@silviasiciliav,529.2K,1.44%,"family, Actors, Modeling"
759,Lucas Velasco â™ˆï¸,@lucasvelascook,528.9K,0.65%,"Entertainment and Music, Actors"
760,DariÌo Eme Hache,@darioemehache,528.4K,12.9%,"Entertainment and Music, Modeling, Film, Music & Books"
761,ğ“£ğ“®ğ“¯ğ”‚,@tefydl,527.7K,2.69%,"Fashion and Accessories, Business and Finance, Actors"
762,ğŸ‡ªğŸ‡¸ FABIO AGOSTINI MARTEL,@fabiocanarias,526.7K,2.1%,
763,Terence Crudo Hoogstoel,@terencecrudo,526.4K,0.43%,"Technology, Fitness and Health"
764,Sparta356,@sparta356yt,525.8K,11.24%,"Entertainment and Music, Lifestyle, Modeling"
765,Fabian Estoyanoff,@loloel11,525.3K,1.6%,"Sports, Soccer, Actors"
766,El Mundo Today,@elmundotoday,525.3K,0.95%,"News, Events, Actors, Journalists"
767,BarcÌ§a Handbol,@fcbhandbol,524.4K,0.83%,"Sports, Personal Finance, Soccer"
768,Juan LebroÌn Chincoa,@juanlebronc,523.9K,3.34%,"Sports, Personal Finance"
769,Invictor,@invictorrose,523.6K,0.35%,"Fashion, Lifestyle, Journalists"
770,Inteligencia Artificial | Neuromodernos,@neuromodernos,522.1K,1.07%,Education
771,byMusho | Mushegh Poghosyan,@bymusho,521.6K,2.99%,Art
772,rossydpalma,@rossydpalma,521.5K,0.88%,"Arts and Crafts, Fashion Design, Modeling"
773,Escribiendo............ ï£¿,@pedriiito1996,521.3K,0.42%,"Fashion, Actors"
774,Silvia Congost ğŸ“ PsicoÌloga,@silviacongost,521K,0.8%,"Education, Upskilling, Actors, Modeling"
775,Boticaria GarciÌa,@boticariagarcia,520.4K,0.43%,"Education, Upskilling, Actors, Journalists"
776,FÃ¡bio Raian,@fabioraian,519.5K,0.05%,"Arts and Crafts, Marketing and Advertising, Parties"
777,Tarik A./Ø·Ø§Ø±Ù‚,@tarikartiba,519.4K,6.58%,"Entertainment and Music, Music"
778,ğ”¸â„•ğ”¸ ğ•„ğ”¸â„¤â„¤ğ•†â„‚â„‚ğ•†,@anamazzocco_,519.3K,0.66%,"Entertainment and Music, Fashion and Accessories"
779,Samira Jalil,@samira.jalil,519.1K,0.3%,Acting and Drama
780,Maria Jose Torres,@majo_torres_29_,518.4K,2.18%,Actors
781,TELVA,@telva,517.2K,0.27%,"Beauty and Self Care, Business and Finance, News & Politics"
782,ANA PELETEIRO-COMPAORÃ‰ BRIOÌN,@apeleteirob,514.1K,3.88%,Actors
783,Ana Polvorosa,@lapolvorrosa,513.7K,1.7%,"Acting and Drama, Actors"
784,BÃ¡rbara Gisele,@wappamoda,513.5K,0.56%,"Fashion and Accessories, Marketing and Advertising"
785,Ğ”Ğ¶Ğ°Ğ¼Ğ¸Ğ»Ñ ĞšĞ°ÑƒÑ€Ğ¾Ğ²Ğ°ğŸ‘©â€ğŸ‘§â€ğŸ‘§,@jamamama_blog,513.3K,2.72%,"family, Education, Upskilling, Beauty and Self Care"
786,ğŸ’ Karina&Marina ğŸ‘Ÿ,@karina_dancer,511.5K,0.9%,"Entertainment and Music, Parenting, Actors, Modeling"
787,PoesÃ­as ~ Escritos ~ Frases,@poesiasfinas,511.2K,0.89%,Marketing and Advertising
788,Cayetano Rivera,@cayetanorivera,510.9K,4.5%,Photography
789,Ø§Ù”Ø®Ø¨Ø§Ø± Ø±ÙŠØ§Ù„ Ù…Ø¯Ø±ÙŠØ¯,@rm.news,510.7K,1.77%,"News, Soccer"
790,Clarita Osorio toro,@claritao18,510.3K,1.53%,"Animation and Cosplay, Food and Drink, Modeling, Actors"
791,JuÌlia Rovira,@vadesabores,509.8K,0.27%,"Food, Fitness and Health, Education"
792,Microsoft ExcelÂ®ï¸,@excel.trucos.rapidos,509.8K,1.2%,
793,Pastora Soler,@pastora_soler,509.5K,1.47%,"Actors, Journalists, Fashion"
794,,@andresvelencoso,509.3K,2.1%,Actors
795,Felipe Perez Anda,@felipeperezanda,508.7K,0.38%,"Finance, Upskilling, Business and Finance, Lifestyle"
796,Cristina Ji,@sunfwer,508.5K,10.98%,"Art, Fashion, Drawing"
797,Lua,@pvikinga,508.1K,0.46%,"Fashion and Accessories, Product Showcase, Actors, Modeling"
798,Noelia Gamero BuendÃ­a,@cocinaconnoelia,507.8K,1.73%,Food
799,HeÌctor CastinÌƒeira,@enfermera_saturada,506.8K,1.35%,"Entertainment and Music, Actors, Modeling"
800,Shifer,@shifer_what,506.6K,2.77%,"Outdoor Activity, Sports, Actors, Athlete"
801,Antonio LoÌpez,@antoniolopzz8,506.5K,2.04%,"Entertainment and Music, Celebrity"
802,ITâ€™S ELVÃRA,@malilpandaa,506.3K,0.35%,"Entertainment and Music, Music, Lifestyle, Celebrities"
803,Cristian Delgado  âœˆ  Travel Content Creator,@cristiandelgadofdez,506.1K,1.48%,"Nature, Travel, Photography"
804,Ainhara,@ainhara,503.3K,0.95%,"Fashion and Accessories, Modeling"
805,AndreÌs Aguilera,@andriu_fpv,502.2K,4.44%,Celebrity
806,ALBERT BARRANCO,@albertbcomas,501.9K,1.23%,"Arts and Crafts, Auto and Vehicles, Actors"
807,ğŸ’š Humor Fumado ğŸ‘½,@humorfumado,501.9K,0.4%,Actors
808,SILVIA NAVARRO,@silvianavarrocollection,501.4K,0.19%,"Fashion and Accessories, Actors, Events, Lifestyle"
809,Mahi Masegosa,@mahimasegosaoficial,500.8K,0.2%,"Fashion and Accessories, Acting and Drama, Actors, Modeling"
810,Marta TorneÌ,@marta_torne,500.6K,0.57%,"Fashion, Actors, Lifestyle, Artist"
811,Tamara Gonzalez Perea | Szamanka | Ustawienia Systemowe | Sny,@tamaragonzalezperea,499K,0.03%,"Fashion and Accessories, Celebrities"
812,ALESSIO LO PASSO,@lopasso83,498.5K,1.2%,"Art, Modeling"
813,Ignacio,@igperey,497.7K,1.67%,Photography
814,Leroy Merlin EspaÃ±a,@leroymerlines,497.6K,0.5%,"Actors, Fashion"
815,ğŸŒ¸ Natalia JimeÌnez ğŸŒ¸- NattğŸ’“,@nattjim,497.4K,6.22%,Entertainment and Music
816,MartiÌn Berasategui,@martinberasategui,497.2K,0.17%,"Food, Food and Drink, Chef, Actors"
817,Aitana SorianoğŸ¦‹ğŸŒ,@aitanaasoriano,496.6K,13.64%,
818,ISABEL MARIÌN,@isabelmarind,496.4K,0.49%,"Fashion and Accessories, Beauty and Self Care, Travel, Journalists"
819,Sergio Povedaâ„¢ï¸ğŸš€,@sergiopovedaa,496K,3.05%,"Celebrity, Entertainment and Music"
820,Adrian Lastra,@adrian_lastra,495.9K,2.13%,"Entertainment and Music, Celebrity, Actors"
821,Cristina RodrÃ­guez Box,@akkicris89,495.6K,1.91%,"Travel, Nature & Outdoors, Digital Creator"
822,KINGENRISAS ğŸ˜‚,@kingenrisas,495.4K,0.41%,Funny
823,Juana Acosta,@juana_acosta,495.1K,0.73%,"Actors, Fashion, Modeling"
824,Ingrid Syrstad Engen,@ingrid_engen,494.2K,7.51%,Sports
825,Alba Casillas,@albitacasillas,493.2K,2.32%,"Entertainment and Music, Marketing and Advertising"
826,,@merakio,491.5K,4.92%,"Entertainment and Music, Celebrity, Actors"
827,Chistes Humor,@ojoconesoo,491.3K,0.2%,"Entertainment and Music, Funny, Marketing and Advertising, Actors"
828,Ariancita,@ariancita_,490.9K,1.55%,Art
829,Gabi San Juan,@gabi.cocina,490.9K,0.86%,Food
830,David Bermudez & Kalina â˜“ Travel Couple + ğŸº,@rutaideal,489K,1.38%,"Travel, Adventure"
831,Manu Lombardo,@manu_lb_,488.5K,1.59%,"Life and Society, Marketing and Advertising, Lifestyle, Actors"
832,isra ğŸŒ·,@fuckisra,485.7K,4.81%,Beauty
833,MAURO TRADER,@maurotraderbma,485.1K,4.5%,
834,Hugo Paz,@hugopaz4,484.4K,0.27%,"Sports, Soccer, Actors"
835,Natalia Otero,@nataliaotero27,483.7K,0.72%,"family, Actors"
836,~Hamilton~ ğŸ‡ªğŸ‡¸ğŸ‡ºğŸ‡¸,@justhamilton__,483.4K,4.1%,Entertainment and Music
837,VÃ­ctor Heras,@victorherasemprendedor,481.6K,2.32%,
838,Marta - Ratolina,@heyratolina,481.2K,2.56%,"Beauty and Self Care, Pets, Soccer"
839,El Chojin ğŸ‘‘,@el_chojin_oficial,480.1K,1.78%,"Entertainment and Music, Actors"
840,HOSCOS,@hoscos,479.7K,0.62%,"Arts and Crafts, Photography, Modeling, Actors"
841,Bruma,@bruma_7,478.3K,2.72%,Sports
842,RylÃ© Tuvierra Ø±Ø§Ù‡-ÙŠÙ„ÙŠ,@thefiercewalker,477.5K,3.22%,"Fashion and Accessories, Modeling, Lifestyle"
843,Juan Llorca|Chef,@juanllorca,476K,1.45%,"Food, Education, Food and Drink, Chef"
844,JazmiÌn Ducca,@jazducca,475.2K,1.02%,"Arts and Crafts, Marketing and Advertising"
845,Wellington Freitas Filho,@wferreira86,474.8K,0.25%,"Fitness and Health, Parenting"
846,Gonzalo Montoya,@gonzalomontoya9,474.1K,2.66%,"Entertainment and Music, Business and Finance, Lifestyle, Modeling"
847,Bibiana Fernandez,@thedevilisawoman,473.8K,0.57%,"Actors, Fashion"
848,FRASES DE ORO,@frasesdeorotv,472.8K,11.81%,"Entertainment and Music, Funny"
849,Gerard Romero,@gerardromero,472.3K,1.64%,"Sports, Photography, Soccer, Actors"
850,Angel Vargas,@angelvaargass,472.1K,8.36%,
851,Dioni GarcÃ­a,@dionibi,471.8K,0.9%,"Entertainment and Music, Actors"
852,Ahikar Azcona Albizu,@ahikarnet,471.5K,1.42%,Actors
853,ğŸ”¥Rafa MartiÌn,@rafamartintv,471.2K,0.17%,"Fitness and Health, Entertainment and Music, Actors, Modeling"
854,Josep Pedrerol,@josep.pedrerol,471.2K,1.72%,Entertainment and Music
855,Cafe Racer Dreams,@caferacerdreams,470.7K,0.34%,"Auto and Vehicles, Automotive, Motorcycle, Motorcycle Racing"
856,Loleta BernabÃ© - luxury Travel and Cooking,@loletabyloleta,470.4K,0.66%,"Food, Travel, Food and Drink, Chef"
857,Roberto Garcia,@roberdragos,469.6K,0.07%,"Acting and Drama, Celebrity, Coaching, Gym"
858,MarÃ­a MartÃ­nez-SiÃ©ntete Joven,@mmsientetejoven,469.5K,0.31%,
859,ğ„ğ¥ğğ§ğš ğğ®ğğ§ğ¨ ğ’ğğ ğ®ğ«ğšğŸŒ¶ï¸,@elee.bs,469.4K,1.41%,"Beauty and Self Care, Food, Lifestyle, Celebrities"
860,Mayte GÃ¡lvez,@mytenida,469.3K,0.71%,"Fashion and Accessories, Travel, Home and Garden, Design"
861,ğ¿ ğ’´ ğ’® ğ’œ -ğ’¥ ğ’ª ğ’© ğ’© ğ¸ ğŸ‘¸ğŸ½,@lysa_noiricaine,468.7K,1.45%,Beauty and Self Care
862,Gisela Urrea Espi,@gigiis,468.4K,1.15%,"Fashion and Accessories, Food, Travel"
863,Pedro SÃ¡nchez,@sanchezcastejon,468K,1.64%,Actors
864,JoseÌ-Manuel Alcalde,@melalcalde,467.8K,0.5%,Travel
865,ğŸ’«Charly Blockchain,@charly_blockchain,467.7K,0.8%,Finance
866,AÌ€gata Lluch,@agatalluch,466.7K,2.49%,"Fashion and Accessories, Personal Blog, Creators & Celebrities"
867,Arnau,@arnaumarin,466.7K,1.06%,"Fashion and Accessories, Celebrities, Hair & Beauty"
868,Marina HOME & KIDS STYLING,@marinacabero,466.6K,0.12%,"Home and Garden, DIY and Life Hacks, Design, Interior Design"
869,Gianluca Gentile,@gianlucagentile97,464K,0.71%,"Fashion and Accessories, Actors, Architecture"
870,LOS40,@los40spain,462.9K,0.49%,
871,Sandra Nicolini,@sandranicolini,462.3K,0.4%,Fashion and Accessories
872,Alberto Santana,@alberto_ss,461.3K,1.58%,"Finance, Business and Finance, Actors, Journalists"
873,MaruanğŸ’™,@themaruan_,461.2K,4.56%,Arts and Crafts
874,Adam Gonon,@adamgonon,460.4K,0.67%,"Fashion and Accessories, Lifestyle, Celebrities, Design"
875,â€¢á´á´€Ê€ÉªÊ™á´‡ÊŸ á´á´‡É´á´…á´á´¢á´€â€¢,@eltallerdefiti_,457.8K,0.48%,"Arts and Crafts, Home and Garden"
876,Ø¬Ø²Ø§ÛŒØ± Ù‚Ù†Ø§Ø±ÛŒğŸ’¦ğŸ˜‚,@mr._.stori,457.5K,0.3%,Funny
877,Beatriz Estrada,@beatrizestrada,457.5K,0.39%,"Fashion and Accessories, Travel, Marketing and Advertising"
878,Javier Castillo,@javiercordura,457.1K,3.35%,"Books, Actors"
879,Fabiola MartÃ­nez Benavides,@fabiolamartinezb_,456.9K,1.01%,"family, Actors, Journalists"
880,MARIA FERNÃNDEZ,@maria_nordichouse,456.8K,3.3%,"Home and Garden, Product Education"
881,The Styleograph,@thestyleograph,456.8K,0.71%,"Fashion and Accessories, Photography, News, Lifestyle"
882,Candela sartorius,@candelasartorius,456.8K,1.25%,"Arts and Crafts, Entertainment and Music"
883,Elena,@misswinter,456.6K,0.05%,"Travel, Marketing and Advertising, Lifestyle, Architecture"
884,SARA BUENO,@sarabuho,456.6K,2.42%,"Arts and Crafts, Actors, Lifestyle, Film, Music & Books"
885,Rebel ElenağŸŒº,@rebel_elena,456.4K,0.3%,Fashion and Accessories
886,Fiuna - Cuchi,@cuchilaino,456.3K,0.88%,"Entertainment and Music, Funny, Life and Society, Actors"
887,ğ•µğ–šğ–‰ğ–ğ–™,@superstarbarby,456K,-,
888,ï¼­ï½ï½ï½• ï¼§ï½ï½ï½šaÌï½Œï½…ï½š,@manugrodri,454.5K,3.24%,"Food, Travel"
889,Transfermarkt EspaÃ±a ğŸ‡ªğŸ‡¸,@transfermarkt.es,454.1K,1.13%,
890,AÌlvaro Negredo 9ï¸âƒ£,@alvaronegredo9,453.7K,1.25%,"Sports, Gamer"
891,Dalianah Arekion,@dalianaharekion,453.7K,1.81%,"Fashion and Accessories, Actors, Modeling, Public Figure"
892,,@ricoblanco100,453.6K,1.57%,"Music, Songwriting, Singer"
893,Izabela Izycka,@izzycka,453.1K,1.05%,"Beauty and Self Care, Fashion and Accessories, Business and Finance"
894,J U L E N,@julendlg,453.1K,0.38%,"Fashion and Accessories, Actors, Modeling"
895,Lola Moran,@lolitamoran,452.7K,0.44%,"Acting and Drama, Actors"
896,SERGIO CELLI,@cellisergio,452.2K,1.94%,"Fashion and Accessories, Automotive, Actors"
897,Polibamba Humor ğŸ‘¨ğŸ¾â€âœˆï¸,@polibamba,451.9K,1.78%,Entertainment and Music
898,Vanesa Lorenzo,@vanesalorenzo_,451.4K,0.73%,"Fitness and Health, Education"
899,Tamara Sanchez â€¢ DecoraciÃ³n y Orden en Casa,@tamishome,451.4K,1.16%,
900,Ruxanda Ghemis,@ruxandaghemis,450.3K,1.86%,"family, Home and Garden, Video Gaming"
901,Sandra Alcazar,@sandraalcazara,450.3K,0.69%,"Entertainment and Music, Marketing and Advertising, Actors, Journalists"
902,Jorge Prado Garcia,@jorgeprado61,449.7K,2.19%,"Sports, Riders, Motorcycle Racing"
903,Kevin Freshwater,@kevinfreshwater,449.5K,43.57%,"Funny, Celebrity, Dogs, Modeling"
904,CeÌsar Ortiz,@cesarortiz,449K,0.51%,Education
905,ğ‘´ğ‘¨ğ‘¬ğ’€ğ‘¨ ğ‘µğ‘¶ğ‘µğ‘»ğ‘¯ğ‘¨ğ‘¾ğ‘¨ğ‘µğ‘»ğ‘¨ğ‘º,@maeyagirl,447.1K,0.18%,"Fashion and Accessories, Actors, Moms, Lifestyle"
906,Mery GarcÃ­a ButrÃ³n,@cocinaparatodos,445.7K,0.82%,"Fashion, Lifestyle"
907,Victor Chil / Family Art Tattoo Born,@victor_chil,445.6K,0.56%,"Arts and Crafts, Fashion and Accessories, Piercing"
908,Jose AM,@joseamdj,445.1K,0.41%,"Entertainment and Music, Education, Music, Actors"
909,Patricia Pastor,@justalpatri,445.1K,0.17%,"Fashion, Beauty, Fashion and Accessories"
910,Samuel Sunderland Arata,@samsunderland23,444.9K,6.2%,"Acting and Drama, Actors"
911,Clara Alvarado,@claraalvarado_,444.6K,0.67%,"Fashion and Accessories, Arts and Crafts, Actors, Modeling"
912,ROCÃO OSORNO â€¢ STUDIO,@rocioosornostudio,443.9K,0.35%,"Fashion and Accessories, Celebrities, Hair & Beauty, Design"
913,Jano GarcÃ­a,@ellibrepensador,443.8K,5.12%,
914,Peppa la costenÌƒa,@peppalacostena,442.3K,2.29%,"Entertainment and Music, Actors"
915,Ellas y solo ellas (May RondÃ³n),@culturademujeres,440.5K,14.22%,"Business and Finance, Virtualization, Actors"
916,Eloroverde,@eloroverdegrowshop,440.1K,1.64%,"Home and Garden, Actors, Virtualization"
917,POL BADIÌA,@pol_badia,440K,0.41%,Fashion and Accessories
918,Jesus Crazy,@jesuscrazyofficial,440K,0.97%,"Celebrity, Art, Actors"
919,Silvia GarciÌa BARTABAC,@bartabacmode,439.5K,0.51%,"Fashion and Accessories, Lifestyle"
920,Jorge Diaz,@jorgejavier_diaz,439.4K,2.9%,"Fashion and Accessories, Parenting"
921,Weloversize,@weloversize,438.9K,0.23%,"Shopping, Lifestyle, Actors, Entrepreneur"
922,Maria Castellanos,@mariacastellanos,438.2K,0.3%,"Beauty and Self Care, Fashion and Accessories, Parenting, Modeling"
923,Mario Ortiz NutriciÃ³n,@marioortiznutricion,437.1K,2.3%,"Fitness and Health, Food, Marketing and Advertising, Health"
924,SORAYA,@soraya82,437.1K,0.56%,"Entertainment and Music, Actors, Journalists"
925,Dra. Dalia RodriÌguez,@neuropsicologadalia,436.6K,0.61%,Education
926,Andrea Compton,@andreacomptonn,436.5K,4.97%,"Entertainment and Music, Actors, Journalists, Film, Music & Books"
927,LAURA GADEA â™¥,@lau_gadea,436.2K,0.47%,Fashion and Accessories
928,ğ—ğ—²ğ˜€ğ˜‚Ìğ˜€ ğ—¦ğ—®Ìğ—»ğ—°ğ—µğ—²ğ˜‡ ğ—¦ğ—²ğ—±ğ—®,@jesuseda,435.8K,2.14%,Entertainment and Music
929,Angel Albarracinâ¤ï¸,@angeltik_ars,435.6K,1.6%,Marketing and Advertising
930,TAY | IT,@tay054,434.6K,0.94%,"Upskilling, Parenting"
931,Karol G EspaÃ±a ğŸŒ¸,@karolgphotos,434.6K,1.12%,"Photography, Actors, Music"
932,Jessi FranquetğŸŒ¸Estilo de vida | Crecimiento personal,@jessi_franquet,433.2K,0.3%,"Beauty and Self Care, Fashion and Accessories, Travel, Entertainment and Music"
933,LUISKI GARCIA ğŸ”¥â£ï¸,@luiski_26,432.4K,13.37%,Fashion and Accessories
934,"ANE HERNANDO | Moda casual, cosmÃ©tica y viajes",@lookandchic,431.9K,0.68%,"Fashion and Accessories, Beauty and Self Care, Arts and Crafts, Lifestyle"
935,RUDY RUYMAÌN,@rudyruymanoficial,431.8K,0.15%,"Entertainment and Music, Business and Finance"
936,Ana MarÃ­a Villalba,@ana_listas,431.1K,2.72%,"Education, Actors"
937,Martina De Caramelo â¤ï¸,@martinadecaramelo,430.9K,0.43%,"Funny, Marketing and Advertising, Actors"
938,Dr. Daniel Slobodianik ğŸ‡»ğŸ‡ª,@slobodianik,430.6K,0.51%,"Beauty and Self Care, Film, Music & Books, Animals & Pets"
939,Nuria MH,@nuria.mh,430.5K,1.05%,Fashion
940,IrÃ©ne Noren,@irenenoren,429.9K,0.43%,"Arts and Crafts, Adventure, Film, Music & Books, Architecture"
941,Roenlared,@roenlared,429.4K,1.94%,"Education, Entertainment and Music, Actors, Modeling"
942,Roger Llobet,@llobeti4,429.3K,4.06%,Entertainment and Music
943,Pepe Reina,@preinaofficial,429.3K,1.12%,Soccer
944,Jinx ğŸˆâ€â¬›,@bigfootjinx,429.2K,25.45%,
945,,@trapitoscalientes,429.1K,0.7%,
946,Nieves AÌlvarez,@officialnievesa,428.9K,0.59%,"Fashion and Accessories, Entertainment and Music, Marketing and Advertising, Actors"
947,Camila Cruz Escobar,@camilacruzzbb,427.4K,0.89%,Fitness
948,Memes,@yisucriisto,427.4K,-,"Funny, Music"
949,Cristina VerduÌ ğŸŒ¿ Travel / Vegan / Curly,@cristinaverdu,427.2K,10.13%,"Travel, Fitness and Health, Beauty and Self Care, Actors"
950,Davide Morana,@davidebartolomorana,425.4K,3.99%,"Fitness and Health, Actors, Modeling"
951,ğŸŒº â–ªï¸â–ªï¸BÎ¹ká¥±GÎ¹rá¥£â–ªï¸â–ªï¸ R6ğŸ‘Š,@cristinaavalosclari_rr,425.1K,1.62%,
952,VIDEO BARCELONA â€¢ Reels â€¢ Ğ’Ğ˜Ğ”Ğ•Ğ Ğ‘ĞĞ Ğ¡Ğ•Ğ›ĞĞĞ,@guapa.para.papa,424K,0.01%,"Beauty and Self Care, Marketing and Advertising"
953,Genma Ferron,@stylewithgee,423.4K,0.01%,"Fashion and Accessories, Styling, Lifestyle"
954,Natalia Seth,@escapingyouth,423.1K,9.86%,"Arts and Crafts, Photography, Design, Architecture"
955,Ministerio de Sanidad,@sanidadgob,423K,0.24%,
956,MonyWTF,@monywtf_,422.8K,0.46%,"Television, Actors, Modeling, Video Creator"
957,Oliver Vegas,@ovunno,422.3K,1.6%,"Travel, Arts and Crafts, Photography, Design"
958,Linda,@linda.raff,421.7K,10%,"Product Showcase, Actors"
959,recetas del chef ğŸ‘©â€ğŸ³,@recetas_del_chef_,421.6K,0.4%,Food
960,Ù…ØµØ·ÙÙ‰ Ø³ØªØ§Ø±,@mustafasattar95,421.3K,3.96%,"Acting and Drama, Entertainment and Music, Lifestyle"
961,Valeria Monerri,@valeriaamonerri,420.7K,0.56%,"Fashion and Accessories, Beauty and Self Care, Lifestyle, Modeling"
962,Katteyes | FS,@iamfverv,420.1K,3.13%,Beauty and Self Care
963,ğ‘²ğ’‰ğ’‚ğ’“ğ’Šğ’”ğ’ğ’‚ ğ’„ğ’‚ğ’‰ğ’‚ğ’šğ’‚ ğ’‘ğ’–ğ’•ğ’“ğ’Š,@ewkharis_ofcc,419.9K,0.4%,
964,Secretos de Madrid,@secretosdemadrid,419.8K,2.24%,"Travel, Actors, Journalists, Nature & Outdoors"
965,Kike Arnaiz,@kikearnaiz,419.5K,2.14%,"Photography, Travel, Actors, Lifestyle"
966,Maikel Delacalle,@delacallemaikel,418.7K,1.17%,Entertainment and Music
967,Jose Antonio Cacho,@cachoo01,418.6K,10.84%,"News, Soccer, Actors"
968,Merche,@buscandoinspiracion,418.3K,0.22%,"Fashion and Accessories, Marketing and Advertising, Lifestyle, Hair & Beauty"
969,Pachu M. Torres ART,@pachutorresart,417.8K,2%,
970,RC Celta,@rccelta,417.6K,1.44%,"Sports, Soccer"
971,ğ’ğ¨ğ§ğ¢ğ²ğš ğŒğšğ¦ ğŸ‘©ğŸ»â€ğŸ“,@english.speak.hub,417.2K,0.36%,
972,Carlos Vallesa,@vallesa._,417.1K,0.62%,"Auto and Vehicles, Automotive, Cars, Audi"
973,Marc O'Polo,@marcopolo,417K,0.08%,"Fashion and Accessories, Styling, Lifestyle"
974,Jennifer Baldini,@jenniferbaldini97,416.8K,1.45%,"Automotive, Actors"
975,David Rocaberti | Travel Photography,@davidrocaberti,416.4K,1.16%,"Finance, Education, Landscaping, Architecture"
976,Alvaro Bautista,@abautista19,415.8K,1.62%,"Riders, Motorcycle Racing"
977,Borja Iglesias QuintaÌs,@borjaiglesias9,415K,1.27%,"Sports, Soccer, Journalists"
978,Krayg PenÌƒa âš“ï¸,@kraygoficial,414.8K,0.62%,"Entertainment and Music, Marketing and Advertising, Actors, Modeling"
979,JuÌlio Baptista,@juliobaptistaoficial,413.9K,0.6%,"Sports, Soccer"
980,Manuel Huedo,@manuelhuedo,413.6K,4.11%,"Actors, Health & Fitness"
981,Carolina Iglesias,@percebesygrelos,412.6K,1.42%,"Entertainment and Music, Celebrity, Actors, Journalists"
982,Willy HernangoÌmez,@willyhernangomez,412.4K,3.7%,"Sports, Basketball, Soccer"
983,LuciÌa VillaloÌn Puras,@lucia_villalon,412.2K,0.7%,"Entertainment and Music, Sports, Actors"
984,Redry - David GalÃ¡n,@redry13,412K,0.41%,"Arts and Crafts, Film, Music & Books, Animals & Pets"
985,yana clare,@yanaclare,411.6K,10.26%,
986,Isabel JimÃ©nez,@isabeljimenezt5,411.5K,1.46%,Journalists
987,LAS LEYENDAS NUNCA MUEREN,@anuel_2blea_g4,411.4K,0.13%,"Entertainment and Music, News, Basketball, Actors"
988,Guillermo MartÃ­n,@farmacia_enfurecida,411.3K,1.6%,"Education, Upskilling, Life and Society"
989,DJ MAH Michael Andreas,@michaelandreasmusic,411.2K,3.38%,"Entertainment and Music, Music"
990,Beyby,@bearsaez,410.1K,0.41%,"Fashion and Accessories, Actors, Modeling"
991,C.Ronaldo500_,@c.ronaldo500_,409.9K,0.5%,Soccer
992,Agatha Ruiz de la Prada,@agatharuizdlprada,409.6K,0.25%,"Fashion and Accessories, Home and Garden, Actors, Journalists"
993,Diego Matamoros Flores,@diegomatflo,409.4K,0.55%,"Entertainment and Music, Acting and Drama, Actors"
994,Amarna,@amarnamiller,409.4K,0.53%,Video Gaming
995,Malena Costa SjoÌˆgren,@malenacosta7,409.3K,0.38%,"Fashion and Accessories, Actors, Lifestyle"
996,Teresa Sala,@vanillaattack,409.2K,0.37%,"Fashion and Accessories, family, Arts and Crafts, Parenting"
997,HÃ©ctor Campoy,@hectormerienda,408.5K,0.14%,"Arts and Crafts, Automotive, Lifestyle, Architecture"
998,Altafulla,@altafulla,408.5K,0.41%,"Art, Actors, Music, Celebrities"
999,Celeste Iannelli,@celesteiann,407.8K,4.89%,"Education, Upskilling, Romance and Wedding, Video Gaming"
1000,Alicia Aradilla,@a.aradilla,407.4K,1.87%,"Travel, Illustrator, Design, Architecture"
